mmsi,timestamp_utc,longitude,latitude,sog_knots,cog_deg,heading_deg,vessel_name,vessel_type,length_m,source
419001001,2026-08-31T16:00:00Z,71.507085,18.101006,9.9,45,45,SYNTH TANKER A,tanker,180,synthetic
419001001,2026-08-31T16:02:00Z,71.511201,18.104920,9.8,45,45,SYNTH TANKER A,tanker,180,synthetic
419001001,2026-08-31T16:04:00Z,71.515336,18.108859,9.9,45,45,SYNTH TANKER A,tanker,180,synthetic
419001001,2026-08-31T16:06:00Z,71.519455,18.112772,10.1,45,45,SYNTH TANKER A,tanker,180,synthetic
419001001,2026-08-31T16:08:00Z,71.523588,18.116679,10.0,45,45,SYNTH TANKER A,tanker,180,synthetic
419001001,2026-08-31T16:10:00Z,71.527720,18.120597,9.9,45,45,SYNTH TANKER A,tanker,180,synthetic
419001001,2026-08-31T16:12:00Z,71.531820,18.124518,9.6,45,45,SYNTH TANKER A,tanker,180,synthetic
419001001,2026-08-31T16:14:00Z,71.535963,18.128440,10.1,45,45,SYNTH TANKER A,tanker,180,synthetic
419001001,2026-08-31T16:16:00Z,71.540093,18.132372,9.5,45,45,SYNTH TANKER A,tanker,180,synthetic
419001001,2026-08-31T16:18:00Z,71.544212,18.136295,10.0,45,45,SYNTH TANKER A,tanker,180,synthetic
419001001,2026-08-31T16:20:00Z,71.548328,18.140212,9.8,45,45,SYNTH TANKER A,tanker,180,synthetic
419001001,2026-08-31T16:22:00Z,71.552462,18.144148,9.8,45,45,SYNTH TANKER A,tanker,180,synthetic
419001001,2026-08-31T16:24:00Z,71.556596,18.148068,9.9,45,45,SYNTH TANKER A,tanker,180,synthetic
419001001,2026-08-31T16:26:00Z,71.560722,18.151982,10.0,45,45,SYNTH TANKER A,tanker,180,synthetic
419001001,2026-08-31T16:28:00Z,71.564838,18.155903,10.3,45,45,SYNTH TANKER A,tanker,180,synthetic
419001001,2026-08-31T16:30:00Z,71.568961,18.159832,10.0,45,45,SYNTH TANKER A,tanker,180,synthetic
419001001,2026-08-31T16:32:00Z,71.573097,18.163764,10.2,45,45,SYNTH TANKER A,tanker,180,synthetic
419001001,2026-08-31T16:34:00Z,71.577218,18.167666,10.1,45,45,SYNTH TANKER A,tanker,180,synthetic
419001001,2026-08-31T16:36:00Z,71.581356,18.171594,10.0,45,45,SYNTH TANKER A,tanker,180,synthetic
419001001,2026-08-31T16:38:00Z,71.585491,18.175523,9.9,45,45,SYNTH TANKER A,tanker,180,synthetic
419001001,2026-08-31T16:40:00Z,71.589614,18.179425,10.0,45,45,SYNTH TANKER A,tanker,180,synthetic
419001001,2026-08-31T16:42:00Z,71.593727,18.183345,10.0,45,45,SYNTH TANKER A,tanker,180,synthetic
419001001,2026-08-31T16:44:00Z,71.597876,18.187284,9.7,45,45,SYNTH TANKER A,tanker,180,synthetic
419001001,2026-08-31T16:46:00Z,71.601986,18.191200,9.6,45,45,SYNTH TANKER A,tanker,180,synthetic
419001001,2026-08-31T16:48:00Z,71.606117,18.195114,10.3,45,45,SYNTH TANKER A,tanker,180,synthetic
419001001,2026-08-31T16:50:00Z,71.610256,18.199033,9.9,45,45,SYNTH TANKER A,tanker,180,synthetic
419001001,2026-08-31T16:52:00Z,71.614375,18.202973,9.9,45,45,SYNTH TANKER A,tanker,180,synthetic
419001001,2026-08-31T16:54:00Z,71.618502,18.206882,10.0,45,45,SYNTH TANKER A,tanker,180,synthetic
419001001,2026-08-31T16:56:00Z,71.622631,18.210789,10.0,45,45,SYNTH TANKER A,tanker,180,synthetic
419001001,2026-08-31T16:58:00Z,71.626757,18.214733,10.1,45,45,SYNTH TANKER A,tanker,180,synthetic
419001001,2026-08-31T17:00:00Z,71.630889,18.218649,9.9,45,45,SYNTH TANKER A,tanker,180,synthetic
419001001,2026-08-31T17:02:00Z,71.635028,18.222564,10.1,45,45,SYNTH TANKER A,tanker,180,synthetic
419001001,2026-08-31T17:04:00Z,71.639133,18.226489,9.7,45,45,SYNTH TANKER A,tanker,180,synthetic
419001001,2026-08-31T17:06:00Z,71.643254,18.230404,9.8,45,45,SYNTH TANKER A,tanker,180,synthetic
419001001,2026-08-31T17:08:00Z,71.647405,18.234350,9.8,45,45,SYNTH TANKER A,tanker,180,synthetic
419001001,2026-08-31T17:10:00Z,71.651525,18.238251,10.1,45,45,SYNTH TANKER A,tanker,180,synthetic
419001001,2026-08-31T17:12:00Z,71.655658,18.242169,10.1,45,45,SYNTH TANKER A,tanker,180,synthetic
419001001,2026-08-31T17:14:00Z,71.659794,18.246082,10.0,45,45,SYNTH TANKER A,tanker,180,synthetic
419001001,2026-08-31T17:16:00Z,71.663918,18.250003,10.1,45,45,SYNTH TANKER A,tanker,180,synthetic
419001001,2026-08-31T17:18:00Z,71.668038,18.253944,10.0,45,45,SYNTH TANKER A,tanker,180,synthetic
419001001,2026-08-31T17:20:00Z,71.672177,18.257850,10.0,45,45,SYNTH TANKER A,tanker,180,synthetic
419001001,2026-08-31T17:22:00Z,71.676285,18.261766,10.1,45,45,SYNTH TANKER A,tanker,180,synthetic
419001001,2026-08-31T17:24:00Z,71.680413,18.265707,9.7,45,45,SYNTH TANKER A,tanker,180,synthetic
419001001,2026-08-31T17:26:00Z,71.684571,18.269611,10.2,45,45,SYNTH TANKER A,tanker,180,synthetic
419001001,2026-08-31T17:28:00Z,71.688695,18.273526,10.2,45,45,SYNTH TANKER A,tanker,180,synthetic
419001001,2026-08-31T17:30:00Z,71.692837,18.277462,9.9,45,45,SYNTH TANKER A,tanker,180,synthetic
419001001,2026-08-31T17:32:00Z,71.696951,18.281374,10.2,45,45,SYNTH TANKER A,tanker,180,synthetic
419001001,2026-08-31T17:34:00Z,71.701077,18.285304,9.8,45,45,SYNTH TANKER A,tanker,180,synthetic
419001001,2026-08-31T17:36:00Z,71.705206,18.289214,10.3,45,45,SYNTH TANKER A,tanker,180,synthetic
419001001,2026-08-31T17:38:00Z,71.709341,18.293157,10.0,45,45,SYNTH TANKER A,tanker,180,synthetic
419001001,2026-08-31T17:40:00Z,71.713465,18.297066,9.9,45,45,SYNTH TANKER A,tanker,180,synthetic
419001001,2026-08-31T17:42:00Z,71.717602,18.300986,9.9,45,45,SYNTH TANKER A,tanker,180,synthetic
419001001,2026-08-31T17:44:00Z,71.721719,18.304903,10.3,45,45,SYNTH TANKER A,tanker,180,synthetic
419001001,2026-08-31T17:46:00Z,71.725856,18.308822,10.1,45,45,SYNTH TANKER A,tanker,180,synthetic
419001001,2026-08-31T17:48:00Z,71.730007,18.312740,10.0,45,45,SYNTH TANKER A,tanker,180,synthetic
419001001,2026-08-31T17:50:00Z,71.734117,18.316658,10.1,45,45,SYNTH TANKER A,tanker,180,synthetic
419001001,2026-08-31T17:52:00Z,71.738254,18.320597,9.8,45,45,SYNTH TANKER A,tanker,180,synthetic
419001001,2026-08-31T17:54:00Z,71.742390,18.324513,10.0,45,45,SYNTH TANKER A,tanker,180,synthetic
419001001,2026-08-31T17:56:00Z,71.746505,18.328427,10.3,45,45,SYNTH TANKER A,tanker,180,synthetic
419001001,2026-08-31T17:58:00Z,71.750642,18.332364,10.0,45,45,SYNTH TANKER A,tanker,180,synthetic
419001001,2026-08-31T18:00:00Z,71.754773,18.336277,10.1,45,45,SYNTH TANKER A,tanker,180,synthetic
419001001,2026-08-31T18:02:00Z,71.758906,18.340202,10.0,45,45,SYNTH TANKER A,tanker,180,synthetic
419001001,2026-08-31T18:04:00Z,71.763052,18.344131,10.1,45,45,SYNTH TANKER A,tanker,180,synthetic
419001001,2026-08-31T18:06:00Z,71.767165,18.348032,10.2,45,45,SYNTH TANKER A,tanker,180,synthetic
419001001,2026-08-31T18:08:00Z,71.771312,18.351966,10.1,45,45,SYNTH TANKER A,tanker,180,synthetic
419001001,2026-08-31T18:10:00Z,71.775442,18.355897,10.2,45,45,SYNTH TANKER A,tanker,180,synthetic
419001001,2026-08-31T18:12:00Z,71.779561,18.359825,9.8,45,45,SYNTH TANKER A,tanker,180,synthetic
419001001,2026-08-31T18:14:00Z,71.783706,18.363736,10.2,45,45,SYNTH TANKER A,tanker,180,synthetic
419001001,2026-08-31T18:16:00Z,71.787847,18.367667,9.8,45,45,SYNTH TANKER A,tanker,180,synthetic
419001001,2026-08-31T18:18:00Z,71.791944,18.371582,9.8,45,45,SYNTH TANKER A,tanker,180,synthetic
419001001,2026-08-31T18:20:00Z,71.796092,18.375504,9.7,45,45,SYNTH TANKER A,tanker,180,synthetic
419001001,2026-08-31T18:22:00Z,71.800203,18.379419,10.0,45,45,SYNTH TANKER A,tanker,180,synthetic
419001001,2026-08-31T18:24:00Z,71.804354,18.383338,9.8,45,45,SYNTH TANKER A,tanker,180,synthetic
419001001,2026-08-31T18:26:00Z,71.808474,18.387257,9.8,45,45,SYNTH TANKER A,tanker,180,synthetic
419001001,2026-08-31T18:28:00Z,71.812604,18.391185,10.0,45,45,SYNTH TANKER A,tanker,180,synthetic
419001001,2026-08-31T18:30:00Z,71.816757,18.395092,9.9,45,45,SYNTH TANKER A,tanker,180,synthetic
419001001,2026-08-31T18:32:00Z,71.820876,18.399014,10.0,45,45,SYNTH TANKER A,tanker,180,synthetic
419001001,2026-08-31T18:34:00Z,71.825010,18.402948,10.1,45,45,SYNTH TANKER A,tanker,180,synthetic
419001001,2026-08-31T18:36:00Z,71.829171,18.406852,10.2,45,45,SYNTH TANKER A,tanker,180,synthetic
419001001,2026-08-31T18:38:00Z,71.833283,18.410787,9.7,45,45,SYNTH TANKER A,tanker,180,synthetic
419001001,2026-08-31T19:22:00Z,71.837412,18.414716,10.0,45,45,SYNTH TANKER A,tanker,180,synthetic
419001001,2026-08-31T19:24:00Z,71.841550,18.418627,10.2,45,45,SYNTH TANKER A,tanker,180,synthetic
419001001,2026-08-31T19:26:00Z,71.845682,18.422529,9.9,45,45,SYNTH TANKER A,tanker,180,synthetic
419001001,2026-08-31T19:28:00Z,71.849796,18.426440,9.9,45,45,SYNTH TANKER A,tanker,180,synthetic
419001001,2026-08-31T19:30:00Z,71.853962,18.430394,9.8,45,45,SYNTH TANKER A,tanker,180,synthetic
419001001,2026-08-31T19:32:00Z,71.858073,18.434326,10.0,45,45,SYNTH TANKER A,tanker,180,synthetic
419001001,2026-08-31T19:34:00Z,71.862216,18.438236,10.0,45,45,SYNTH TANKER A,tanker,180,synthetic
419001001,2026-08-31T19:36:00Z,71.866357,18.442163,10.0,45,45,SYNTH TANKER A,tanker,180,synthetic
419001001,2026-08-31T19:38:00Z,71.870472,18.446084,9.9,45,45,SYNTH TANKER A,tanker,180,synthetic
419001001,2026-08-31T19:40:00Z,71.874627,18.449987,10.0,45,45,SYNTH TANKER A,tanker,180,synthetic
419001001,2026-08-31T19:42:00Z,71.878750,18.453908,10.3,45,45,SYNTH TANKER A,tanker,180,synthetic
419001001,2026-08-31T19:44:00Z,71.882899,18.457838,10.2,45,45,SYNTH TANKER A,tanker,180,synthetic
419001001,2026-08-31T19:46:00Z,71.887022,18.461738,10.1,45,45,SYNTH TANKER A,tanker,180,synthetic
419001001,2026-08-31T19:48:00Z,71.891151,18.465686,9.8,45,45,SYNTH TANKER A,tanker,180,synthetic
419001001,2026-08-31T19:50:00Z,71.895284,18.469605,10.2,45,45,SYNTH TANKER A,tanker,180,synthetic
419001001,2026-08-31T19:52:00Z,71.899424,18.473528,10.3,45,45,SYNTH TANKER A,tanker,180,synthetic
419001001,2026-08-31T19:54:00Z,71.903549,18.477445,9.6,45,45,SYNTH TANKER A,tanker,180,synthetic
419001001,2026-08-31T19:56:00Z,71.907705,18.481380,10.2,45,45,SYNTH TANKER A,tanker,180,synthetic
419001001,2026-08-31T19:58:00Z,71.911831,18.485293,10.0,45,45,SYNTH TANKER A,tanker,180,synthetic
419001001,2026-08-31T20:00:00Z,71.915956,18.489211,10.0,45,45,SYNTH TANKER A,tanker,180,synthetic
419001001,2026-08-31T20:02:00Z,71.920108,18.493140,10.0,45,45,SYNTH TANKER A,tanker,180,synthetic
419001001,2026-08-31T20:04:00Z,71.924222,18.497049,10.3,45,45,SYNTH TANKER A,tanker,180,synthetic
419001001,2026-08-31T20:06:00Z,71.928368,18.500978,9.9,45,45,SYNTH TANKER A,tanker,180,synthetic
419001001,2026-08-31T20:08:00Z,71.932487,18.504898,10.2,45,45,SYNTH TANKER A,tanker,180,synthetic
419001001,2026-08-31T20:10:00Z,71.936629,18.508817,10.0,45,45,SYNTH TANKER A,tanker,180,synthetic
419001001,2026-08-31T20:12:00Z,71.940769,18.512725,10.0,45,45,SYNTH TANKER A,tanker,180,synthetic
419001001,2026-08-31T20:14:00Z,71.944895,18.516671,9.8,45,45,SYNTH TANKER A,tanker,180,synthetic
419001001,2026-08-31T20:16:00Z,71.949045,18.520599,9.9,45,45,SYNTH TANKER A,tanker,180,synthetic
419001001,2026-08-31T20:18:00Z,71.953168,18.524507,10.0,45,45,SYNTH TANKER A,tanker,180,synthetic
419001001,2026-08-31T20:20:00Z,71.957300,18.528431,10.4,45,45,SYNTH TANKER A,tanker,180,synthetic
419001001,2026-08-31T20:22:00Z,71.961443,18.532345,9.8,45,45,SYNTH TANKER A,tanker,180,synthetic
419001001,2026-08-31T20:24:00Z,71.965585,18.536256,9.8,45,45,SYNTH TANKER A,tanker,180,synthetic
419001001,2026-08-31T20:26:00Z,71.969730,18.540181,10.2,45,45,SYNTH TANKER A,tanker,180,synthetic
419001001,2026-08-31T20:28:00Z,71.973869,18.544114,10.1,45,45,SYNTH TANKER A,tanker,180,synthetic
419001001,2026-08-31T20:30:00Z,71.978009,18.548031,9.9,45,45,SYNTH TANKER A,tanker,180,synthetic
419001001,2026-08-31T20:32:00Z,71.982112,18.551954,10.3,45,45,SYNTH TANKER A,tanker,180,synthetic
419001001,2026-08-31T20:34:00Z,71.986271,18.555866,9.8,45,45,SYNTH TANKER A,tanker,180,synthetic
419001001,2026-08-31T20:36:00Z,71.990393,18.559800,10.0,45,45,SYNTH TANKER A,tanker,180,synthetic
419001001,2026-08-31T20:38:00Z,71.994537,18.563721,9.9,45,45,SYNTH TANKER A,tanker,180,synthetic
419001001,2026-08-31T20:40:00Z,71.998671,18.567641,10.0,45,45,SYNTH TANKER A,tanker,180,synthetic
419001001,2026-08-31T20:42:00Z,72.002813,18.571579,10.1,45,45,SYNTH TANKER A,tanker,180,synthetic
419001001,2026-08-31T20:44:00Z,72.006945,18.575465,10.1,45,45,SYNTH TANKER A,tanker,180,synthetic
419001001,2026-08-31T20:46:00Z,72.011062,18.579389,10.2,45,45,SYNTH TANKER A,tanker,180,synthetic
419001001,2026-08-31T20:48:00Z,72.015225,18.583323,9.7,45,45,SYNTH TANKER A,tanker,180,synthetic
419001001,2026-08-31T20:50:00Z,72.019352,18.587239,10.1,45,45,SYNTH TANKER A,tanker,180,synthetic
419001001,2026-08-31T20:52:00Z,72.023515,18.591169,9.8,45,45,SYNTH TANKER A,tanker,180,synthetic
419001001,2026-08-31T20:54:00Z,72.027618,18.595088,10.0,45,45,SYNTH TANKER A,tanker,180,synthetic
419001001,2026-08-31T20:56:00Z,72.031755,18.599011,9.8,45,45,SYNTH TANKER A,tanker,180,synthetic
419001001,2026-08-31T20:58:00Z,72.035915,18.602942,10.2,45,45,SYNTH TANKER A,tanker,180,synthetic
419001001,2026-08-31T21:00:00Z,72.040037,18.606858,10.0,45,45,SYNTH TANKER A,tanker,180,synthetic
419001001,2026-08-31T21:02:00Z,72.044175,18.610770,9.7,45,45,SYNTH TANKER A,tanker,180,synthetic
419001001,2026-08-31T21:04:00Z,72.048303,18.614703,10.0,45,45,SYNTH TANKER A,tanker,180,synthetic
419001001,2026-08-31T21:06:00Z,72.052457,18.618626,9.7,45,45,SYNTH TANKER A,tanker,180,synthetic
419001001,2026-08-31T21:08:00Z,72.056585,18.622539,10.1,45,45,SYNTH TANKER A,tanker,180,synthetic
419001001,2026-08-31T21:10:00Z,72.060727,18.626469,10.0,45,45,SYNTH TANKER A,tanker,180,synthetic
419001001,2026-08-31T21:12:00Z,72.064856,18.630371,10.2,45,45,SYNTH TANKER A,tanker,180,synthetic
419001001,2026-08-31T21:14:00Z,72.069011,18.634283,10.3,45,45,SYNTH TANKER A,tanker,180,synthetic
419001001,2026-08-31T21:16:00Z,72.073151,18.638236,9.9,45,45,SYNTH TANKER A,tanker,180,synthetic
419001001,2026-08-31T21:18:00Z,72.077280,18.642133,10.5,45,45,SYNTH TANKER A,tanker,180,synthetic
419001001,2026-08-31T21:20:00Z,72.081420,18.646081,9.9,45,45,SYNTH TANKER A,tanker,180,synthetic
419001001,2026-08-31T21:22:00Z,72.085562,18.649970,9.9,45,45,SYNTH TANKER A,tanker,180,synthetic
419001001,2026-08-31T21:24:00Z,72.089709,18.653896,10.2,45,45,SYNTH TANKER A,tanker,180,synthetic
419001001,2026-08-31T21:26:00Z,72.093841,18.657819,9.9,45,45,SYNTH TANKER A,tanker,180,synthetic
419001001,2026-08-31T21:28:00Z,72.097972,18.661750,9.9,45,45,SYNTH TANKER A,tanker,180,synthetic
419001001,2026-08-31T21:30:00Z,72.102107,18.665669,9.8,45,45,SYNTH TANKER A,tanker,180,synthetic
419001001,2026-08-31T21:32:00Z,72.106242,18.669593,10.2,45,45,SYNTH TANKER A,tanker,180,synthetic
419001001,2026-08-31T21:34:00Z,72.110378,18.673515,9.9,45,45,SYNTH TANKER A,tanker,180,synthetic
419001001,2026-08-31T21:36:00Z,72.114523,18.677445,9.9,45,45,SYNTH TANKER A,tanker,180,synthetic
419001001,2026-08-31T21:38:00Z,72.118687,18.681349,10.1,45,45,SYNTH TANKER A,tanker,180,synthetic
419001001,2026-08-31T21:40:00Z,72.122809,18.685271,10.1,45,45,SYNTH TANKER A,tanker,180,synthetic
419001001,2026-08-31T21:42:00Z,72.126949,18.689206,10.0,45,45,SYNTH TANKER A,tanker,180,synthetic
419001001,2026-08-31T21:44:00Z,72.131080,18.693120,10.0,45,45,SYNTH TANKER A,tanker,180,synthetic
419001001,2026-08-31T21:46:00Z,72.135240,18.697033,10.0,45,45,SYNTH TANKER A,tanker,180,synthetic
419001001,2026-08-31T21:48:00Z,72.139353,18.700970,9.8,45,45,SYNTH TANKER A,tanker,180,synthetic
419001001,2026-08-31T21:50:00Z,72.143492,18.704885,10.2,45,45,SYNTH TANKER A,tanker,180,synthetic
419001001,2026-08-31T21:52:00Z,72.147635,18.708796,9.9,45,45,SYNTH TANKER A,tanker,180,synthetic
419001001,2026-08-31T21:54:00Z,72.151779,18.712732,9.8,45,45,SYNTH TANKER A,tanker,180,synthetic
419001001,2026-08-31T21:56:00Z,72.155923,18.716655,9.8,45,45,SYNTH TANKER A,tanker,180,synthetic
419001001,2026-08-31T21:58:00Z,72.160075,18.720561,9.8,45,45,SYNTH TANKER A,tanker,180,synthetic
419001002,2026-08-31T16:00:00Z,71.507897,18.281806,11.9,45,45,SYNTH CARGO B,cargo,180,synthetic
419001002,2026-08-31T16:02:00Z,71.512873,18.286493,12.0,45,45,SYNTH CARGO B,cargo,180,synthetic
419001002,2026-08-31T16:04:00Z,71.517827,18.291218,11.8,45,45,SYNTH CARGO B,cargo,180,synthetic
419001002,2026-08-31T16:06:00Z,71.522767,18.295894,11.7,45,45,SYNTH CARGO B,cargo,180,synthetic
419001002,2026-08-31T16:08:00Z,71.527746,18.300618,11.8,45,45,SYNTH CARGO B,cargo,180,synthetic
419001002,2026-08-31T16:10:00Z,71.532681,18.305312,12.3,45,45,SYNTH CARGO B,cargo,180,synthetic
419001002,2026-08-31T16:12:00Z,71.537623,18.310026,11.8,45,45,SYNTH CARGO B,cargo,180,synthetic
419001002,2026-08-31T16:14:00Z,71.542618,18.314716,11.9,45,45,SYNTH CARGO B,cargo,180,synthetic
419001002,2026-08-31T16:16:00Z,71.547549,18.319422,12.3,45,45,SYNTH CARGO B,cargo,180,synthetic
419001002,2026-08-31T16:18:00Z,71.552529,18.324134,11.8,45,45,SYNTH CARGO B,cargo,180,synthetic
419001002,2026-08-31T16:20:00Z,71.557459,18.328839,12.0,45,45,SYNTH CARGO B,cargo,180,synthetic
419001002,2026-08-31T16:22:00Z,71.562434,18.333548,11.8,45,45,SYNTH CARGO B,cargo,180,synthetic
419001002,2026-08-31T16:24:00Z,71.567392,18.338254,12.3,45,45,SYNTH CARGO B,cargo,180,synthetic
419001002,2026-08-31T16:26:00Z,71.572368,18.342959,11.8,45,45,SYNTH CARGO B,cargo,180,synthetic
419001002,2026-08-31T16:28:00Z,71.577306,18.347660,11.9,45,45,SYNTH CARGO B,cargo,180,synthetic
419001002,2026-08-31T16:30:00Z,71.582264,18.352361,12.1,45,45,SYNTH CARGO B,cargo,180,synthetic
419001002,2026-08-31T16:32:00Z,71.587221,18.357079,12.0,45,45,SYNTH CARGO B,cargo,180,synthetic
419001002,2026-08-31T16:34:00Z,71.592173,18.361773,12.0,45,45,SYNTH CARGO B,cargo,180,synthetic
419001002,2026-08-31T16:36:00Z,71.597133,18.366490,12.0,45,45,SYNTH CARGO B,cargo,180,synthetic
419001002,2026-08-31T16:38:00Z,71.602083,18.371194,11.7,45,45,SYNTH CARGO B,cargo,180,synthetic
419001002,2026-08-31T16:40:00Z,71.607049,18.375896,11.6,45,45,SYNTH CARGO B,cargo,180,synthetic
419001002,2026-08-31T16:42:00Z,71.612014,18.380606,12.0,45,45,SYNTH CARGO B,cargo,180,synthetic
419001002,2026-08-31T16:44:00Z,71.616967,18.385307,11.8,45,45,SYNTH CARGO B,cargo,180,synthetic
419001002,2026-08-31T16:46:00Z,71.621928,18.390010,12.0,45,45,SYNTH CARGO B,cargo,180,synthetic
419001002,2026-08-31T16:48:00Z,71.626877,18.394724,12.0,45,45,SYNTH CARGO B,cargo,180,synthetic
419001002,2026-08-31T16:50:00Z,71.631847,18.399423,12.1,45,45,SYNTH CARGO B,cargo,180,synthetic
419001002,2026-08-31T16:52:00Z,71.636790,18.404137,12.0,45,45,SYNTH CARGO B,cargo,180,synthetic
419001002,2026-08-31T16:54:00Z,71.641769,18.408842,11.9,45,45,SYNTH CARGO B,cargo,180,synthetic
419001002,2026-08-31T16:56:00Z,71.646723,18.413550,12.1,45,45,SYNTH CARGO B,cargo,180,synthetic
419001002,2026-08-31T16:58:00Z,71.651687,18.418234,12.1,45,45,SYNTH CARGO B,cargo,180,synthetic
419001002,2026-08-31T17:00:00Z,71.656657,18.422965,12.0,45,45,SYNTH CARGO B,cargo,180,synthetic
419001002,2026-08-31T17:02:00Z,71.661589,18.427670,12.0,45,45,SYNTH CARGO B,cargo,180,synthetic
419001002,2026-08-31T17:04:00Z,71.666539,18.432370,11.7,45,45,SYNTH CARGO B,cargo,180,synthetic
419001002,2026-08-31T17:06:00Z,71.671512,18.437065,12.3,45,45,SYNTH CARGO B,cargo,180,synthetic
419001002,2026-08-31T17:08:00Z,71.676481,18.441780,12.3,45,45,SYNTH CARGO B,cargo,180,synthetic
419001002,2026-08-31T17:10:00Z,71.681461,18.446482,12.0,45,45,SYNTH CARGO B,cargo,180,synthetic
419001002,2026-08-31T17:12:00Z,71.686393,18.451181,12.1,45,45,SYNTH CARGO B,cargo,180,synthetic
419001002,2026-08-31T17:14:00Z,71.691370,18.455895,12.2,45,45,SYNTH CARGO B,cargo,180,synthetic
419001002,2026-08-31T17:16:00Z,71.696319,18.460599,12.1,45,45,SYNTH CARGO B,cargo,180,synthetic
419001002,2026-08-31T17:18:00Z,71.701293,18.465316,12.1,45,45,SYNTH CARGO B,cargo,180,synthetic
419001002,2026-08-31T17:20:00Z,71.706245,18.470014,11.8,45,45,SYNTH CARGO B,cargo,180,synthetic
419001002,2026-08-31T17:22:00Z,71.711193,18.474722,12.0,45,45,SYNTH CARGO B,cargo,180,synthetic
419001002,2026-08-31T17:24:00Z,71.716174,18.479405,11.9,45,45,SYNTH CARGO B,cargo,180,synthetic
419001002,2026-08-31T17:26:00Z,71.721126,18.484119,11.5,45,45,SYNTH CARGO B,cargo,180,synthetic
419001002,2026-08-31T17:28:00Z,71.726091,18.488842,12.1,45,45,SYNTH CARGO B,cargo,180,synthetic
419001002,2026-08-31T17:30:00Z,71.731050,18.493538,12.2,45,45,SYNTH CARGO B,cargo,180,synthetic
419001002,2026-08-31T17:32:00Z,71.735990,18.498243,12.1,45,45,SYNTH CARGO B,cargo,180,synthetic
419001002,2026-08-31T17:34:00Z,71.740986,18.502967,12.2,45,45,SYNTH CARGO B,cargo,180,synthetic
419001002,2026-08-31T17:36:00Z,71.745944,18.507658,12.2,45,45,SYNTH CARGO B,cargo,180,synthetic
419001002,2026-08-31T17:38:00Z,71.750898,18.512360,12.2,45,45,SYNTH CARGO B,cargo,180,synthetic
419001002,2026-08-31T17:40:00Z,71.755885,18.517065,12.0,45,45,SYNTH CARGO B,cargo,180,synthetic
419001002,2026-08-31T17:42:00Z,71.760830,18.521785,12.0,45,45,SYNTH CARGO B,cargo,180,synthetic
419001002,2026-08-31T17:44:00Z,71.765806,18.526468,12.0,45,45,SYNTH CARGO B,cargo,180,synthetic
419001002,2026-08-31T17:46:00Z,71.770752,18.531191,12.2,45,45,SYNTH CARGO B,cargo,180,synthetic
419001002,2026-08-31T17:48:00Z,71.775702,18.535879,12.1,45,45,SYNTH CARGO B,cargo,180,synthetic
419001002,2026-08-31T17:50:00Z,71.780673,18.540579,12.2,45,45,SYNTH CARGO B,cargo,180,synthetic
419001002,2026-08-31T17:52:00Z,71.785648,18.545305,11.9,45,45,SYNTH CARGO B,cargo,180,synthetic
419001002,2026-08-31T17:54:00Z,71.790616,18.550003,12.2,45,45,SYNTH CARGO B,cargo,180,synthetic
419001002,2026-08-31T17:56:00Z,71.795560,18.554702,12.0,45,45,SYNTH CARGO B,cargo,180,synthetic
419001002,2026-08-31T17:58:00Z,71.800526,18.559423,12.1,45,45,SYNTH CARGO B,cargo,180,synthetic
419001002,2026-08-31T18:00:00Z,71.805488,18.564123,11.9,45,45,SYNTH CARGO B,cargo,180,synthetic
419001002,2026-08-31T18:02:00Z,71.810470,18.568821,11.9,45,45,SYNTH CARGO B,cargo,180,synthetic
419001002,2026-08-31T18:04:00Z,71.815437,18.573556,12.4,45,45,SYNTH CARGO B,cargo,180,synthetic
419001002,2026-08-31T18:06:00Z,71.820389,18.578241,12.3,45,45,SYNTH CARGO B,cargo,180,synthetic
419001002,2026-08-31T18:08:00Z,71.825352,18.582935,12.0,45,45,SYNTH CARGO B,cargo,180,synthetic
419001002,2026-08-31T18:10:00Z,71.830322,18.587642,11.7,45,45,SYNTH CARGO B,cargo,180,synthetic
419001002,2026-08-31T18:12:00Z,71.835268,18.592362,11.8,45,45,SYNTH CARGO B,cargo,180,synthetic
419001002,2026-08-31T18:14:00Z,71.840245,18.597063,12.1,45,45,SYNTH CARGO B,cargo,180,synthetic
419001002,2026-08-31T18:16:00Z,71.845208,18.601772,11.8,45,45,SYNTH CARGO B,cargo,180,synthetic
419001002,2026-08-31T18:18:00Z,71.850173,18.606462,12.2,45,45,SYNTH CARGO B,cargo,180,synthetic
419001002,2026-08-31T18:20:00Z,71.855141,18.611170,11.9,45,45,SYNTH CARGO B,cargo,180,synthetic
419001002,2026-08-31T18:22:00Z,71.860105,18.615890,11.7,45,45,SYNTH CARGO B,cargo,180,synthetic
419001002,2026-08-31T18:24:00Z,71.865062,18.620585,12.5,45,45,SYNTH CARGO B,cargo,180,synthetic
419001002,2026-08-31T18:26:00Z,71.870047,18.625293,12.1,45,45,SYNTH CARGO B,cargo,180,synthetic
419001002,2026-08-31T18:28:00Z,71.875024,18.629998,11.9,45,45,SYNTH CARGO B,cargo,180,synthetic
419001002,2026-08-31T18:30:00Z,71.879981,18.634711,12.1,45,45,SYNTH CARGO B,cargo,180,synthetic
419001002,2026-08-31T18:32:00Z,71.884930,18.639430,12.3,45,45,SYNTH CARGO B,cargo,180,synthetic
419001002,2026-08-31T18:34:00Z,71.889907,18.644124,11.6,45,45,SYNTH CARGO B,cargo,180,synthetic
419001002,2026-08-31T18:36:00Z,71.894874,18.648820,12.1,45,45,SYNTH CARGO B,cargo,180,synthetic
419001002,2026-08-31T18:38:00Z,71.899840,18.653524,11.7,45,45,SYNTH CARGO B,cargo,180,synthetic
419001002,2026-08-31T18:40:00Z,71.904804,18.658226,11.9,45,45,SYNTH CARGO B,cargo,180,synthetic
419001002,2026-08-31T18:42:00Z,71.909761,18.662936,11.5,45,45,SYNTH CARGO B,cargo,180,synthetic
419001002,2026-08-31T18:44:00Z,71.914745,18.667647,12.2,45,45,SYNTH CARGO B,cargo,180,synthetic
419001002,2026-08-31T18:46:00Z,71.919720,18.672350,11.6,45,45,SYNTH CARGO B,cargo,180,synthetic
419001002,2026-08-31T18:48:00Z,71.924658,18.677044,11.9,45,45,SYNTH CARGO B,cargo,180,synthetic
419001002,2026-08-31T18:50:00Z,71.929635,18.681741,12.1,45,45,SYNTH CARGO B,cargo,180,synthetic
419001002,2026-08-31T18:52:00Z,71.934587,18.686470,12.0,45,45,SYNTH CARGO B,cargo,180,synthetic
419001002,2026-08-31T18:54:00Z,71.939566,18.691172,11.9,45,45,SYNTH CARGO B,cargo,180,synthetic
419001002,2026-08-31T18:56:00Z,71.944531,18.695861,12.0,45,45,SYNTH CARGO B,cargo,180,synthetic
419001002,2026-08-31T18:58:00Z,71.949523,18.700603,12.3,45,45,SYNTH CARGO B,cargo,180,synthetic
419001002,2026-08-31T19:00:00Z,71.954479,18.705282,12.3,45,45,SYNTH CARGO B,cargo,180,synthetic
419001002,2026-08-31T19:02:00Z,71.959440,18.709994,11.9,45,45,SYNTH CARGO B,cargo,180,synthetic
419001002,2026-08-31T19:04:00Z,71.964409,18.714696,12.0,45,45,SYNTH CARGO B,cargo,180,synthetic
419001002,2026-08-31T19:06:00Z,71.969366,18.719402,12.5,45,45,SYNTH CARGO B,cargo,180,synthetic
419001002,2026-08-31T19:08:00Z,71.974344,18.724109,12.1,45,45,SYNTH CARGO B,cargo,180,synthetic
419001002,2026-08-31T19:10:00Z,71.979321,18.728806,12.0,45,45,SYNTH CARGO B,cargo,180,synthetic
419001002,2026-08-31T19:12:00Z,71.984291,18.733525,12.0,45,45,SYNTH CARGO B,cargo,180,synthetic
419001002,2026-08-31T19:14:00Z,71.989266,18.738221,12.0,45,45,SYNTH CARGO B,cargo,180,synthetic
419001002,2026-08-31T19:16:00Z,71.994215,18.742949,11.6,45,45,SYNTH CARGO B,cargo,180,synthetic
419001002,2026-08-31T19:18:00Z,71.999182,18.747634,12.1,45,45,SYNTH CARGO B,cargo,180,synthetic
419001002,2026-08-31T19:20:00Z,72.004164,18.752359,11.7,45,45,SYNTH CARGO B,cargo,180,synthetic
419001002,2026-08-31T19:22:00Z,72.009135,18.757048,11.9,45,45,SYNTH CARGO B,cargo,180,synthetic
419001002,2026-08-31T19:24:00Z,72.014102,18.761747,11.6,45,45,SYNTH CARGO B,cargo,180,synthetic
419001002,2026-08-31T19:26:00Z,72.019063,18.766447,11.9,45,45,SYNTH CARGO B,cargo,180,synthetic
419001002,2026-08-31T19:28:00Z,72.024040,18.771170,12.3,45,45,SYNTH CARGO B,cargo,180,synthetic
419001002,2026-08-31T19:30:00Z,72.029004,18.775857,11.8,45,45,SYNTH CARGO B,cargo,180,synthetic
419001002,2026-08-31T19:32:00Z,72.033967,18.780566,12.1,45,45,SYNTH CARGO B,cargo,180,synthetic
419001002,2026-08-31T19:34:00Z,72.038940,18.785264,12.1,45,45,SYNTH CARGO B,cargo,180,synthetic
419001002,2026-08-31T19:36:00Z,72.043916,18.789993,12.0,45,45,SYNTH CARGO B,cargo,180,synthetic
419001002,2026-08-31T19:38:00Z,72.048894,18.794695,12.2,45,45,SYNTH CARGO B,cargo,180,synthetic
419001002,2026-08-31T19:40:00Z,72.053862,18.799405,12.1,45,45,SYNTH CARGO B,cargo,180,synthetic
419001002,2026-08-31T19:42:00Z,72.058814,18.804105,11.9,45,45,SYNTH CARGO B,cargo,180,synthetic
419001002,2026-08-31T19:44:00Z,72.063802,18.808798,12.3,45,45,SYNTH CARGO B,cargo,180,synthetic
419001002,2026-08-31T19:46:00Z,72.068772,18.813505,11.7,45,45,SYNTH CARGO B,cargo,180,synthetic
419001002,2026-08-31T19:48:00Z,72.073739,18.818222,11.9,45,45,SYNTH CARGO B,cargo,180,synthetic
419001002,2026-08-31T19:50:00Z,72.078714,18.822922,12.1,45,45,SYNTH CARGO B,cargo,180,synthetic
419001002,2026-08-31T19:52:00Z,72.083677,18.827634,12.2,45,45,SYNTH CARGO B,cargo,180,synthetic
419001002,2026-08-31T19:54:00Z,72.088682,18.832330,11.9,45,45,SYNTH CARGO B,cargo,180,synthetic
419001002,2026-08-31T19:56:00Z,72.093619,18.837053,11.8,45,45,SYNTH CARGO B,cargo,180,synthetic
419001002,2026-08-31T19:58:00Z,72.098595,18.841750,11.8,45,45,SYNTH CARGO B,cargo,180,synthetic
419001002,2026-08-31T20:00:00Z,72.103562,18.846452,11.6,45,45,SYNTH CARGO B,cargo,180,synthetic
419001002,2026-08-31T20:02:00Z,72.108529,18.851158,12.0,45,45,SYNTH CARGO B,cargo,180,synthetic
419001002,2026-08-31T20:04:00Z,72.113514,18.855850,11.9,45,45,SYNTH CARGO B,cargo,180,synthetic
419001002,2026-08-31T20:06:00Z,72.118497,18.860579,12.0,45,45,SYNTH CARGO B,cargo,180,synthetic
419001002,2026-08-31T20:08:00Z,72.123452,18.865285,11.9,45,45,SYNTH CARGO B,cargo,180,synthetic
419001002,2026-08-31T20:10:00Z,72.128422,18.869976,12.3,45,45,SYNTH CARGO B,cargo,180,synthetic
419001002,2026-08-31T20:12:00Z,72.133409,18.874701,11.9,45,45,SYNTH CARGO B,cargo,180,synthetic
419001002,2026-08-31T20:14:00Z,72.138389,18.879389,12.0,45,45,SYNTH CARGO B,cargo,180,synthetic
419001002,2026-08-31T20:16:00Z,72.143378,18.884109,11.9,45,45,SYNTH CARGO B,cargo,180,synthetic
419001002,2026-08-31T20:18:00Z,72.148325,18.888810,12.2,45,45,SYNTH CARGO B,cargo,180,synthetic
419001002,2026-08-31T20:20:00Z,72.153295,18.893495,11.9,45,45,SYNTH CARGO B,cargo,180,synthetic
419001002,2026-08-31T20:22:00Z,72.158273,18.898219,12.3,45,45,SYNTH CARGO B,cargo,180,synthetic
419001002,2026-08-31T20:24:00Z,72.163250,18.902931,11.8,45,45,SYNTH CARGO B,cargo,180,synthetic
419001002,2026-08-31T20:26:00Z,72.168229,18.907650,12.2,45,45,SYNTH CARGO B,cargo,180,synthetic
419001002,2026-08-31T20:28:00Z,72.173197,18.912336,12.4,45,45,SYNTH CARGO B,cargo,180,synthetic
419001002,2026-08-31T20:30:00Z,72.178159,18.917039,12.1,45,45,SYNTH CARGO B,cargo,180,synthetic
419001002,2026-08-31T20:32:00Z,72.183150,18.921741,12.1,45,45,SYNTH CARGO B,cargo,180,synthetic
419001002,2026-08-31T20:34:00Z,72.188114,18.926452,12.0,45,45,SYNTH CARGO B,cargo,180,synthetic
419001002,2026-08-31T20:36:00Z,72.193080,18.931156,12.2,45,45,SYNTH CARGO B,cargo,180,synthetic
419001002,2026-08-31T20:38:00Z,72.198057,18.935860,12.1,45,45,SYNTH CARGO B,cargo,180,synthetic
419001002,2026-08-31T20:40:00Z,72.203030,18.940570,11.8,45,45,SYNTH CARGO B,cargo,180,synthetic
419001002,2026-08-31T20:42:00Z,72.208027,18.945296,12.4,45,45,SYNTH CARGO B,cargo,180,synthetic
419001002,2026-08-31T20:44:00Z,72.212989,18.949986,12.0,45,45,SYNTH CARGO B,cargo,180,synthetic
419001002,2026-08-31T20:46:00Z,72.217967,18.954700,11.7,45,45,SYNTH CARGO B,cargo,180,synthetic
419001002,2026-08-31T20:48:00Z,72.222952,18.959390,12.3,45,45,SYNTH CARGO B,cargo,180,synthetic
419001002,2026-08-31T20:50:00Z,72.227919,18.964089,12.1,45,45,SYNTH CARGO B,cargo,180,synthetic
419001002,2026-08-31T20:52:00Z,72.232900,18.968802,12.1,45,45,SYNTH CARGO B,cargo,180,synthetic
419001002,2026-08-31T20:54:00Z,72.237863,18.973485,12.2,45,45,SYNTH CARGO B,cargo,180,synthetic
419001002,2026-08-31T20:56:00Z,72.242851,18.978214,12.0,45,45,SYNTH CARGO B,cargo,180,synthetic
419001002,2026-08-31T20:58:00Z,72.247831,18.982913,11.9,45,45,SYNTH CARGO B,cargo,180,synthetic
419001002,2026-08-31T21:00:00Z,72.252795,18.987635,11.7,45,45,SYNTH CARGO B,cargo,180,synthetic
419001002,2026-08-31T21:02:00Z,72.257785,18.992323,11.8,45,45,SYNTH CARGO B,cargo,180,synthetic
419001002,2026-08-31T21:04:00Z,72.262762,18.997034,11.7,45,45,SYNTH CARGO B,cargo,180,synthetic
419001002,2026-08-31T21:06:00Z,72.267723,19.001749,12.2,45,45,SYNTH CARGO B,cargo,180,synthetic
419001002,2026-08-31T21:08:00Z,72.272699,19.006450,12.1,45,45,SYNTH CARGO B,cargo,180,synthetic
419001002,2026-08-31T21:10:00Z,72.277673,19.011155,12.0,45,45,SYNTH CARGO B,cargo,180,synthetic
419001002,2026-08-31T21:12:00Z,72.282652,19.015852,12.0,45,45,SYNTH CARGO B,cargo,180,synthetic
419001002,2026-08-31T21:14:00Z,72.287634,19.020557,11.9,45,45,SYNTH CARGO B,cargo,180,synthetic
419001002,2026-08-31T21:16:00Z,72.292623,19.025270,12.2,45,45,SYNTH CARGO B,cargo,180,synthetic
419001002,2026-08-31T21:18:00Z,72.297601,19.029979,12.5,45,45,SYNTH CARGO B,cargo,180,synthetic
419001002,2026-08-31T21:20:00Z,72.302558,19.034687,11.9,45,45,SYNTH CARGO B,cargo,180,synthetic
419001002,2026-08-31T21:22:00Z,72.307563,19.039402,11.6,45,45,SYNTH CARGO B,cargo,180,synthetic
419001002,2026-08-31T21:24:00Z,72.312512,19.044097,12.2,45,45,SYNTH CARGO B,cargo,180,synthetic
419001002,2026-08-31T21:26:00Z,72.317508,19.048795,12.1,45,45,SYNTH CARGO B,cargo,180,synthetic
419001002,2026-08-31T21:28:00Z,72.322485,19.053501,12.2,45,45,SYNTH CARGO B,cargo,180,synthetic
419001002,2026-08-31T21:30:00Z,72.327434,19.058213,11.8,45,45,SYNTH CARGO B,cargo,180,synthetic
419001002,2026-08-31T21:32:00Z,72.332445,19.062910,11.8,45,45,SYNTH CARGO B,cargo,180,synthetic
419001002,2026-08-31T21:34:00Z,72.337417,19.067609,11.8,45,45,SYNTH CARGO B,cargo,180,synthetic
419001002,2026-08-31T21:36:00Z,72.342377,19.072323,12.1,45,45,SYNTH CARGO B,cargo,180,synthetic
419001002,2026-08-31T21:38:00Z,72.347382,19.077028,12.2,45,45,SYNTH CARGO B,cargo,180,synthetic
419001002,2026-08-31T21:40:00Z,72.352351,19.081734,12.1,45,45,SYNTH CARGO B,cargo,180,synthetic
419001002,2026-08-31T21:42:00Z,72.357340,19.086437,12.0,45,45,SYNTH CARGO B,cargo,180,synthetic
419001002,2026-08-31T21:44:00Z,72.362307,19.091147,11.8,45,45,SYNTH CARGO B,cargo,180,synthetic
419001002,2026-08-31T21:46:00Z,72.367299,19.095848,12.1,45,45,SYNTH CARGO B,cargo,180,synthetic
419001002,2026-08-31T21:48:00Z,72.372260,19.100561,12.1,45,45,SYNTH CARGO B,cargo,180,synthetic
419001002,2026-08-31T21:50:00Z,72.377243,19.105283,12.1,45,45,SYNTH CARGO B,cargo,180,synthetic
419001002,2026-08-31T21:52:00Z,72.382245,19.109978,11.9,45,45,SYNTH CARGO B,cargo,180,synthetic
419001002,2026-08-31T21:54:00Z,72.387204,19.114678,12.0,45,45,SYNTH CARGO B,cargo,180,synthetic
419001002,2026-08-31T21:56:00Z,72.392188,19.119377,11.6,45,45,SYNTH CARGO B,cargo,180,synthetic
419001002,2026-08-31T21:58:00Z,72.397166,19.124063,12.1,45,45,SYNTH CARGO B,cargo,180,synthetic
419002000,2026-08-31T16:39:15Z,71.564019,19.188715,6.5,58,58,SYNTH BG 0,container,180,synthetic
419002000,2026-08-31T16:44:15Z,71.571673,19.193224,5.9,58,58,SYNTH BG 0,container,180,synthetic
419002000,2026-08-31T16:49:15Z,71.579331,19.197708,6.1,58,58,SYNTH BG 0,container,180,synthetic
419002000,2026-08-31T16:54:15Z,71.586978,19.202222,6.2,58,58,SYNTH BG 0,container,180,synthetic
419002000,2026-08-31T16:59:15Z,71.594619,19.206687,6.3,58,58,SYNTH BG 0,container,180,synthetic
419002000,2026-08-31T17:04:15Z,71.602260,19.211199,6.1,58,58,SYNTH BG 0,container,180,synthetic
419002000,2026-08-31T17:09:15Z,71.609926,19.215664,6.1,58,58,SYNTH BG 0,container,180,synthetic
419002000,2026-08-31T17:14:15Z,71.617563,19.220173,6.0,58,58,SYNTH BG 0,container,180,synthetic
419002000,2026-08-31T17:19:15Z,71.625197,19.224656,6.2,58,58,SYNTH BG 0,container,180,synthetic
419002000,2026-08-31T17:24:15Z,71.632870,19.229175,5.9,58,58,SYNTH BG 0,container,180,synthetic
419002000,2026-08-31T17:29:15Z,71.640483,19.233653,6.3,58,58,SYNTH BG 0,container,180,synthetic
419002000,2026-08-31T17:34:15Z,71.648130,19.238143,6.3,58,58,SYNTH BG 0,container,180,synthetic
419002000,2026-08-31T17:39:15Z,71.655793,19.242639,5.9,58,58,SYNTH BG 0,container,180,synthetic
419002000,2026-08-31T17:44:15Z,71.663416,19.247129,5.7,58,58,SYNTH BG 0,container,180,synthetic
419002000,2026-08-31T17:49:15Z,71.671086,19.251623,6.2,58,58,SYNTH BG 0,container,180,synthetic
419002000,2026-08-31T17:54:15Z,71.678744,19.256135,5.9,58,58,SYNTH BG 0,container,180,synthetic
419002000,2026-08-31T17:59:15Z,71.686382,19.260628,6.0,58,58,SYNTH BG 0,container,180,synthetic
419002000,2026-08-31T18:04:15Z,71.694011,19.265108,5.8,58,58,SYNTH BG 0,container,180,synthetic
419002000,2026-08-31T18:09:15Z,71.701683,19.269578,5.9,58,58,SYNTH BG 0,container,180,synthetic
419002000,2026-08-31T18:14:15Z,71.709314,19.274094,6.2,58,58,SYNTH BG 0,container,180,synthetic
419002000,2026-08-31T18:19:15Z,71.716968,19.278587,6.4,58,58,SYNTH BG 0,container,180,synthetic
419002000,2026-08-31T18:24:15Z,71.724592,19.283082,6.0,58,58,SYNTH BG 0,container,180,synthetic
419002000,2026-08-31T18:29:15Z,71.732264,19.287578,6.0,58,58,SYNTH BG 0,container,180,synthetic
419002000,2026-08-31T18:34:15Z,71.739905,19.292077,6.2,58,58,SYNTH BG 0,container,180,synthetic
419002000,2026-08-31T18:39:15Z,71.747554,19.296582,6.6,58,58,SYNTH BG 0,container,180,synthetic
419002000,2026-08-31T18:44:15Z,71.755195,19.301058,6.6,58,58,SYNTH BG 0,container,180,synthetic
419002000,2026-08-31T18:49:15Z,71.762867,19.305551,6.1,58,58,SYNTH BG 0,container,180,synthetic
419002000,2026-08-31T18:54:15Z,71.770504,19.310040,6.0,58,58,SYNTH BG 0,container,180,synthetic
419002000,2026-08-31T18:59:15Z,71.778166,19.314531,6.0,58,58,SYNTH BG 0,container,180,synthetic
419002000,2026-08-31T19:04:15Z,71.785797,19.319028,6.0,58,58,SYNTH BG 0,container,180,synthetic
419002000,2026-08-31T19:09:15Z,71.793458,19.323532,6.2,58,58,SYNTH BG 0,container,180,synthetic
419002000,2026-08-31T19:14:15Z,71.801115,19.328018,6.1,58,58,SYNTH BG 0,container,180,synthetic
419002000,2026-08-31T19:19:15Z,71.808760,19.332505,6.3,58,58,SYNTH BG 0,container,180,synthetic
419002000,2026-08-31T19:24:15Z,71.816401,19.337015,6.1,58,58,SYNTH BG 0,container,180,synthetic
419002000,2026-08-31T19:29:15Z,71.824056,19.341489,6.0,58,58,SYNTH BG 0,container,180,synthetic
419002000,2026-08-31T19:34:15Z,71.831716,19.345980,6.4,58,58,SYNTH BG 0,container,180,synthetic
419002000,2026-08-31T19:39:15Z,71.839358,19.350458,6.0,58,58,SYNTH BG 0,container,180,synthetic
419002000,2026-08-31T19:44:15Z,71.846998,19.354974,6.3,58,58,SYNTH BG 0,container,180,synthetic
419002000,2026-08-31T19:49:15Z,71.854677,19.359454,6.0,58,58,SYNTH BG 0,container,180,synthetic
419002000,2026-08-31T19:54:15Z,71.862340,19.363964,6.1,58,58,SYNTH BG 0,container,180,synthetic
419002000,2026-08-31T19:59:15Z,71.869985,19.368478,6.4,58,58,SYNTH BG 0,container,180,synthetic
419002000,2026-08-31T20:04:15Z,71.877629,19.372951,6.3,58,58,SYNTH BG 0,container,180,synthetic
419002000,2026-08-31T20:09:15Z,71.885274,19.377430,6.1,58,58,SYNTH BG 0,container,180,synthetic
419002000,2026-08-31T20:14:15Z,71.892924,19.381933,6.2,58,58,SYNTH BG 0,container,180,synthetic
419002000,2026-08-31T20:19:15Z,71.900610,19.386418,6.1,58,58,SYNTH BG 0,container,180,synthetic
419002000,2026-08-31T20:24:15Z,71.908239,19.390924,6.3,58,58,SYNTH BG 0,container,180,synthetic
419002000,2026-08-31T20:29:15Z,71.915889,19.395405,5.8,58,58,SYNTH BG 0,container,180,synthetic
419002000,2026-08-31T20:34:15Z,71.923539,19.399912,6.1,58,58,SYNTH BG 0,container,180,synthetic
419002000,2026-08-31T20:39:15Z,71.931192,19.404396,6.1,58,58,SYNTH BG 0,container,180,synthetic
419002000,2026-08-31T20:44:15Z,71.938862,19.408887,6.1,58,58,SYNTH BG 0,container,180,synthetic
419002000,2026-08-31T20:49:15Z,71.946493,19.413375,6.5,58,58,SYNTH BG 0,container,180,synthetic
419002000,2026-08-31T20:54:15Z,71.954144,19.417876,6.2,58,58,SYNTH BG 0,container,180,synthetic
419002000,2026-08-31T20:59:15Z,71.961818,19.422365,6.1,58,58,SYNTH BG 0,container,180,synthetic
419002000,2026-08-31T21:04:15Z,71.969476,19.426865,5.8,58,58,SYNTH BG 0,container,180,synthetic
419002000,2026-08-31T21:09:15Z,71.977130,19.431351,6.0,58,58,SYNTH BG 0,container,180,synthetic
419002000,2026-08-31T21:14:15Z,71.984790,19.435859,6.3,58,58,SYNTH BG 0,container,180,synthetic
419002000,2026-08-31T21:19:15Z,71.992439,19.440355,6.4,58,58,SYNTH BG 0,container,180,synthetic
419002000,2026-08-31T21:24:15Z,72.000111,19.444853,6.1,58,58,SYNTH BG 0,container,180,synthetic
419002001,2026-08-31T13:12:30Z,71.684735,19.231281,9.2,202,202,SYNTH BG 1,cargo,180,synthetic
419002001,2026-08-31T13:17:30Z,71.679796,19.219412,9.2,202,202,SYNTH BG 1,cargo,180,synthetic
419002001,2026-08-31T13:22:30Z,71.674820,19.207506,9.3,202,202,SYNTH BG 1,cargo,180,synthetic
419002001,2026-08-31T13:27:30Z,71.669855,19.195632,9.6,202,202,SYNTH BG 1,cargo,180,synthetic
419002001,2026-08-31T13:32:30Z,71.664893,19.183723,9.0,202,202,SYNTH BG 1,cargo,180,synthetic
419002001,2026-08-31T13:37:30Z,71.659915,19.171838,9.5,202,202,SYNTH BG 1,cargo,180,synthetic
419002001,2026-08-31T13:42:30Z,71.654968,19.159947,9.3,202,202,SYNTH BG 1,cargo,180,synthetic
419002001,2026-08-31T13:47:30Z,71.650015,19.148071,9.1,202,202,SYNTH BG 1,cargo,180,synthetic
419002001,2026-08-31T13:52:30Z,71.645037,19.136189,9.3,202,202,SYNTH BG 1,cargo,180,synthetic
419002001,2026-08-31T13:57:30Z,71.640089,19.124311,9.5,202,202,SYNTH BG 1,cargo,180,synthetic
419002001,2026-08-31T14:02:30Z,71.635129,19.112417,8.9,202,202,SYNTH BG 1,cargo,180,synthetic
419002001,2026-08-31T14:07:30Z,71.630152,19.100526,9.1,202,202,SYNTH BG 1,cargo,180,synthetic
419002001,2026-08-31T14:12:30Z,71.625201,19.088631,9.0,202,202,SYNTH BG 1,cargo,180,synthetic
419002001,2026-08-31T14:17:30Z,71.620246,19.076754,9.3,202,202,SYNTH BG 1,cargo,180,synthetic
419002001,2026-08-31T14:22:30Z,71.615280,19.064870,9.3,202,202,SYNTH BG 1,cargo,180,synthetic
419002001,2026-08-31T14:27:30Z,71.610286,19.052965,9.1,202,202,SYNTH BG 1,cargo,180,synthetic
419002001,2026-08-31T14:32:30Z,71.605341,19.041086,9.5,202,202,SYNTH BG 1,cargo,180,synthetic
419002001,2026-08-31T14:37:30Z,71.600386,19.029184,9.6,202,202,SYNTH BG 1,cargo,180,synthetic
419002001,2026-08-31T14:42:30Z,71.595427,19.017295,9.3,202,202,SYNTH BG 1,cargo,180,synthetic
419002001,2026-08-31T14:47:30Z,71.590477,19.005413,9.4,202,202,SYNTH BG 1,cargo,180,synthetic
419002001,2026-08-31T14:52:30Z,71.585509,18.993523,9.3,202,202,SYNTH BG 1,cargo,180,synthetic
419002001,2026-08-31T14:57:30Z,71.580564,18.981638,9.3,202,202,SYNTH BG 1,cargo,180,synthetic
419002001,2026-08-31T15:02:30Z,71.575597,18.969785,9.1,202,202,SYNTH BG 1,cargo,180,synthetic
419002001,2026-08-31T15:07:30Z,71.570655,18.957868,9.2,202,202,SYNTH BG 1,cargo,180,synthetic
419002001,2026-08-31T15:12:30Z,71.565691,18.945989,9.5,202,202,SYNTH BG 1,cargo,180,synthetic
419002001,2026-08-31T15:17:30Z,71.560730,18.934087,9.1,202,202,SYNTH BG 1,cargo,180,synthetic
419002001,2026-08-31T15:22:30Z,71.555776,18.922211,9.5,202,202,SYNTH BG 1,cargo,180,synthetic
419002001,2026-08-31T15:27:30Z,71.550819,18.910327,9.5,202,202,SYNTH BG 1,cargo,180,synthetic
419002001,2026-08-31T15:32:30Z,71.545860,18.898414,9.0,202,202,SYNTH BG 1,cargo,180,synthetic
419002001,2026-08-31T15:37:30Z,71.540889,18.886557,9.0,202,202,SYNTH BG 1,cargo,180,synthetic
419002001,2026-08-31T15:42:30Z,71.535961,18.874659,9.6,202,202,SYNTH BG 1,cargo,180,synthetic
419002001,2026-08-31T15:47:30Z,71.531004,18.862764,9.2,202,202,SYNTH BG 1,cargo,180,synthetic
419002001,2026-08-31T15:52:30Z,71.526040,18.850879,9.1,202,202,SYNTH BG 1,cargo,180,synthetic
419002001,2026-08-31T15:57:30Z,71.521085,18.839006,8.9,202,202,SYNTH BG 1,cargo,180,synthetic
419002001,2026-08-31T16:02:30Z,71.516135,18.827093,9.3,202,202,SYNTH BG 1,cargo,180,synthetic
419002001,2026-08-31T16:07:30Z,71.511187,18.815213,9.4,202,202,SYNTH BG 1,cargo,180,synthetic
419002001,2026-08-31T16:12:30Z,71.506210,18.803337,9.1,202,202,SYNTH BG 1,cargo,180,synthetic
419002001,2026-08-31T16:17:30Z,71.501280,18.791440,8.7,202,202,SYNTH BG 1,cargo,180,synthetic
419002001,2026-08-31T16:22:30Z,71.496314,18.779552,9.5,202,202,SYNTH BG 1,cargo,180,synthetic
419002001,2026-08-31T16:27:30Z,71.491372,18.767665,8.9,202,202,SYNTH BG 1,cargo,180,synthetic
419002001,2026-08-31T16:32:30Z,71.486432,18.755792,9.2,202,202,SYNTH BG 1,cargo,180,synthetic
419002001,2026-08-31T16:37:30Z,71.481464,18.743870,9.4,202,202,SYNTH BG 1,cargo,180,synthetic
419002001,2026-08-31T16:42:30Z,71.476543,18.732006,9.5,202,202,SYNTH BG 1,cargo,180,synthetic
419002001,2026-08-31T16:47:30Z,71.471571,18.720101,9.5,202,202,SYNTH BG 1,cargo,180,synthetic
419002001,2026-08-31T16:52:30Z,71.466603,18.708221,9.3,202,202,SYNTH BG 1,cargo,180,synthetic
419002001,2026-08-31T16:57:30Z,71.461674,18.696339,9.3,202,202,SYNTH BG 1,cargo,180,synthetic
419002001,2026-08-31T17:02:30Z,71.456709,18.684434,9.2,202,202,SYNTH BG 1,cargo,180,synthetic
419002001,2026-08-31T17:07:30Z,71.451760,18.672546,9.0,202,202,SYNTH BG 1,cargo,180,synthetic
419002001,2026-08-31T17:12:30Z,71.446814,18.660653,8.9,202,202,SYNTH BG 1,cargo,180,synthetic
419002002,2026-08-31T13:17:39Z,72.270763,18.671827,10.6,133,133,SYNTH BG 2,cargo,180,synthetic
419002002,2026-08-31T13:22:39Z,72.281653,18.662077,10.0,133,133,SYNTH BG 2,cargo,180,synthetic
419002002,2026-08-31T13:27:39Z,72.292551,18.652350,10.0,133,133,SYNTH BG 2,cargo,180,synthetic
419002002,2026-08-31T13:32:39Z,72.303429,18.642610,10.4,133,133,SYNTH BG 2,cargo,180,synthetic
419002002,2026-08-31T13:37:39Z,72.314322,18.632870,10.3,133,133,SYNTH BG 2,cargo,180,synthetic
419002002,2026-08-31T13:42:39Z,72.325200,18.623119,10.3,133,133,SYNTH BG 2,cargo,180,synthetic
419002002,2026-08-31T13:47:39Z,72.336100,18.613359,10.2,133,133,SYNTH BG 2,cargo,180,synthetic
419002002,2026-08-31T13:52:39Z,72.347002,18.603654,9.8,133,133,SYNTH BG 2,cargo,180,synthetic
419002002,2026-08-31T13:57:39Z,72.357907,18.593886,10.4,133,133,SYNTH BG 2,cargo,180,synthetic
419002002,2026-08-31T14:02:39Z,72.368780,18.584165,10.3,133,133,SYNTH BG 2,cargo,180,synthetic
419002002,2026-08-31T14:07:39Z,72.379643,18.574420,10.1,133,133,SYNTH BG 2,cargo,180,synthetic
419002002,2026-08-31T14:12:39Z,72.390514,18.564700,10.4,133,133,SYNTH BG 2,cargo,180,synthetic
419002002,2026-08-31T14:17:39Z,72.401443,18.554921,10.5,133,133,SYNTH BG 2,cargo,180,synthetic
419002002,2026-08-31T14:22:39Z,72.412325,18.545204,10.2,133,133,SYNTH BG 2,cargo,180,synthetic
419002002,2026-08-31T14:27:39Z,72.423180,18.535445,9.8,133,133,SYNTH BG 2,cargo,180,synthetic
419002002,2026-08-31T14:32:39Z,72.434058,18.525707,10.0,133,133,SYNTH BG 2,cargo,180,synthetic
419002002,2026-08-31T14:37:39Z,72.444956,18.515963,10.6,133,133,SYNTH BG 2,cargo,180,synthetic
419002002,2026-08-31T14:42:39Z,72.455852,18.506222,10.5,133,133,SYNTH BG 2,cargo,180,synthetic
419002002,2026-08-31T14:47:39Z,72.466713,18.496477,10.4,133,133,SYNTH BG 2,cargo,180,synthetic
419002002,2026-08-31T14:52:39Z,72.477589,18.486736,10.0,133,133,SYNTH BG 2,cargo,180,synthetic
419002002,2026-08-31T14:57:39Z,72.488482,18.477014,10.1,133,133,SYNTH BG 2,cargo,180,synthetic
419002002,2026-08-31T15:02:39Z,72.499363,18.467247,10.0,133,133,SYNTH BG 2,cargo,180,synthetic
419002002,2026-08-31T15:07:39Z,72.510227,18.457529,10.7,133,133,SYNTH BG 2,cargo,180,synthetic
419002002,2026-08-31T15:12:39Z,72.521122,18.447766,10.4,133,133,SYNTH BG 2,cargo,180,synthetic
419002002,2026-08-31T15:17:39Z,72.531991,18.438039,10.3,133,133,SYNTH BG 2,cargo,180,synthetic
419002002,2026-08-31T15:22:39Z,72.542874,18.428296,10.1,133,133,SYNTH BG 2,cargo,180,synthetic
419002002,2026-08-31T15:27:39Z,72.553743,18.418531,10.1,133,133,SYNTH BG 2,cargo,180,synthetic
419002002,2026-08-31T15:32:39Z,72.564609,18.408805,10.0,133,133,SYNTH BG 2,cargo,180,synthetic
419002002,2026-08-31T15:37:39Z,72.575499,18.399069,10.0,133,133,SYNTH BG 2,cargo,180,synthetic
419002002,2026-08-31T15:42:39Z,72.586364,18.389314,10.4,133,133,SYNTH BG 2,cargo,180,synthetic
419002002,2026-08-31T15:47:39Z,72.597263,18.379590,10.2,133,133,SYNTH BG 2,cargo,180,synthetic
419002002,2026-08-31T15:52:39Z,72.608134,18.369825,10.5,133,133,SYNTH BG 2,cargo,180,synthetic
419002002,2026-08-31T15:57:39Z,72.618985,18.360070,10.8,133,133,SYNTH BG 2,cargo,180,synthetic
419002002,2026-08-31T16:02:39Z,72.629879,18.350346,10.3,133,133,SYNTH BG 2,cargo,180,synthetic
419002002,2026-08-31T16:07:39Z,72.640733,18.340616,9.9,133,133,SYNTH BG 2,cargo,180,synthetic
419002002,2026-08-31T16:12:39Z,72.651599,18.330878,10.3,133,133,SYNTH BG 2,cargo,180,synthetic
419002002,2026-08-31T16:17:39Z,72.662488,18.321132,10.7,133,133,SYNTH BG 2,cargo,180,synthetic
419002002,2026-08-31T16:22:39Z,72.673338,18.311393,9.9,133,133,SYNTH BG 2,cargo,180,synthetic
419002002,2026-08-31T16:27:39Z,72.684201,18.301662,10.0,133,133,SYNTH BG 2,cargo,180,synthetic
419002002,2026-08-31T16:32:39Z,72.695087,18.291906,10.0,133,133,SYNTH BG 2,cargo,180,synthetic
419002002,2026-08-31T16:37:39Z,72.705946,18.282160,10.1,133,133,SYNTH BG 2,cargo,180,synthetic
419002002,2026-08-31T16:42:39Z,72.716824,18.272430,10.1,133,133,SYNTH BG 2,cargo,180,synthetic
419002002,2026-08-31T16:47:39Z,72.727674,18.262685,10.2,133,133,SYNTH BG 2,cargo,180,synthetic
419002002,2026-08-31T16:52:39Z,72.738559,18.252967,10.4,133,133,SYNTH BG 2,cargo,180,synthetic
419002002,2026-08-31T16:57:39Z,72.749414,18.243197,10.1,133,133,SYNTH BG 2,cargo,180,synthetic
419002002,2026-08-31T17:02:39Z,72.760269,18.233447,10.2,133,133,SYNTH BG 2,cargo,180,synthetic
419002002,2026-08-31T17:07:39Z,72.771138,18.223723,10.2,133,133,SYNTH BG 2,cargo,180,synthetic
419002002,2026-08-31T17:12:39Z,72.782004,18.213962,10.6,133,133,SYNTH BG 2,cargo,180,synthetic
419002002,2026-08-31T17:17:39Z,72.792874,18.204250,10.4,133,133,SYNTH BG 2,cargo,180,synthetic
419002002,2026-08-31T17:22:39Z,72.803746,18.194488,10.4,133,133,SYNTH BG 2,cargo,180,synthetic
419002003,2026-08-31T15:20:26Z,71.461861,17.753859,6.1,69,69,SYNTH BG 3,cargo,180,synthetic
419002003,2026-08-31T15:25:26Z,71.469978,17.756884,5.9,69,69,SYNTH BG 3,cargo,180,synthetic
419002003,2026-08-31T15:30:26Z,71.478125,17.759918,6.1,69,69,SYNTH BG 3,cargo,180,synthetic
419002003,2026-08-31T15:35:26Z,71.486251,17.762962,6.2,69,69,SYNTH BG 3,cargo,180,synthetic
419002003,2026-08-31T15:40:26Z,71.494413,17.765963,6.0,69,69,SYNTH BG 3,cargo,180,synthetic
419002003,2026-08-31T15:45:26Z,71.502550,17.768997,5.7,69,69,SYNTH BG 3,cargo,180,synthetic
419002003,2026-08-31T15:50:26Z,71.510692,17.772048,5.6,69,69,SYNTH BG 3,cargo,180,synthetic
419002003,2026-08-31T15:55:26Z,71.518835,17.775047,6.0,69,69,SYNTH BG 3,cargo,180,synthetic
419002003,2026-08-31T16:00:26Z,71.526979,17.778056,6.0,69,69,SYNTH BG 3,cargo,180,synthetic
419002003,2026-08-31T16:05:26Z,71.535120,17.781092,5.9,69,69,SYNTH BG 3,cargo,180,synthetic
419002003,2026-08-31T16:10:26Z,71.543246,17.784114,6.3,69,69,SYNTH BG 3,cargo,180,synthetic
419002003,2026-08-31T16:15:26Z,71.551376,17.787153,5.7,69,69,SYNTH BG 3,cargo,180,synthetic
419002003,2026-08-31T16:20:26Z,71.559533,17.790168,5.5,69,69,SYNTH BG 3,cargo,180,synthetic
419002003,2026-08-31T16:25:26Z,71.567667,17.793184,5.9,69,69,SYNTH BG 3,cargo,180,synthetic
419002003,2026-08-31T16:30:26Z,71.575824,17.796209,5.8,69,69,SYNTH BG 3,cargo,180,synthetic
419002003,2026-08-31T16:35:26Z,71.583964,17.799247,6.3,69,69,SYNTH BG 3,cargo,180,synthetic
419002003,2026-08-31T16:40:26Z,71.592093,17.802262,6.0,69,69,SYNTH BG 3,cargo,180,synthetic
419002003,2026-08-31T16:45:26Z,71.600244,17.805306,6.0,69,69,SYNTH BG 3,cargo,180,synthetic
419002003,2026-08-31T16:50:26Z,71.608373,17.808320,5.9,69,69,SYNTH BG 3,cargo,180,synthetic
419002003,2026-08-31T16:55:26Z,71.616534,17.811347,5.8,69,69,SYNTH BG 3,cargo,180,synthetic
419002003,2026-08-31T17:00:26Z,71.624651,17.814379,6.1,69,69,SYNTH BG 3,cargo,180,synthetic
419002003,2026-08-31T17:05:26Z,71.632797,17.817390,6.0,69,69,SYNTH BG 3,cargo,180,synthetic
419002003,2026-08-31T17:10:26Z,71.640923,17.820409,6.2,69,69,SYNTH BG 3,cargo,180,synthetic
419002003,2026-08-31T17:15:26Z,71.649077,17.823452,6.3,69,69,SYNTH BG 3,cargo,180,synthetic
419002003,2026-08-31T17:20:26Z,71.657231,17.826473,6.4,69,69,SYNTH BG 3,cargo,180,synthetic
419002003,2026-08-31T17:25:26Z,71.665374,17.829495,6.2,69,69,SYNTH BG 3,cargo,180,synthetic
419002003,2026-08-31T17:30:26Z,71.673514,17.832515,6.0,69,69,SYNTH BG 3,cargo,180,synthetic
419002003,2026-08-31T17:35:26Z,71.681651,17.835529,6.0,69,69,SYNTH BG 3,cargo,180,synthetic
419002003,2026-08-31T17:40:26Z,71.689792,17.838570,5.7,69,69,SYNTH BG 3,cargo,180,synthetic
419002003,2026-08-31T17:45:26Z,71.697934,17.841599,6.0,69,69,SYNTH BG 3,cargo,180,synthetic
419002003,2026-08-31T17:50:26Z,71.706070,17.844632,5.8,69,69,SYNTH BG 3,cargo,180,synthetic
419002003,2026-08-31T17:55:26Z,71.714222,17.847664,5.9,69,69,SYNTH BG 3,cargo,180,synthetic
419002003,2026-08-31T18:00:26Z,71.722363,17.850687,5.9,69,69,SYNTH BG 3,cargo,180,synthetic
419002003,2026-08-31T18:05:26Z,71.730508,17.853703,6.2,69,69,SYNTH BG 3,cargo,180,synthetic
419002003,2026-08-31T18:10:26Z,71.738632,17.856718,5.8,69,69,SYNTH BG 3,cargo,180,synthetic
419002003,2026-08-31T18:15:26Z,71.746788,17.859743,5.8,69,69,SYNTH BG 3,cargo,180,synthetic
419002003,2026-08-31T18:20:26Z,71.754946,17.862768,6.0,69,69,SYNTH BG 3,cargo,180,synthetic
419002003,2026-08-31T18:25:26Z,71.763091,17.865795,6.0,69,69,SYNTH BG 3,cargo,180,synthetic
419002003,2026-08-31T18:30:26Z,71.771248,17.868831,5.9,69,69,SYNTH BG 3,cargo,180,synthetic
419002003,2026-08-31T18:35:26Z,71.779375,17.871843,6.1,69,69,SYNTH BG 3,cargo,180,synthetic
419002003,2026-08-31T18:40:26Z,71.787529,17.874870,6.0,69,69,SYNTH BG 3,cargo,180,synthetic
419002003,2026-08-31T18:45:26Z,71.795676,17.877898,6.0,69,69,SYNTH BG 3,cargo,180,synthetic
419002003,2026-08-31T18:50:26Z,71.803799,17.880920,5.9,69,69,SYNTH BG 3,cargo,180,synthetic
419002003,2026-08-31T18:55:26Z,71.811976,17.883950,5.9,69,69,SYNTH BG 3,cargo,180,synthetic
419002003,2026-08-31T19:00:26Z,71.820094,17.886978,6.1,69,69,SYNTH BG 3,cargo,180,synthetic
419002003,2026-08-31T19:05:26Z,71.828246,17.890025,6.0,69,69,SYNTH BG 3,cargo,180,synthetic
419002003,2026-08-31T19:10:26Z,71.836404,17.893033,6.1,69,69,SYNTH BG 3,cargo,180,synthetic
419002003,2026-08-31T19:15:26Z,71.844521,17.896054,6.0,69,69,SYNTH BG 3,cargo,180,synthetic
419002003,2026-08-31T19:20:26Z,71.852679,17.899059,6.2,69,69,SYNTH BG 3,cargo,180,synthetic
419002003,2026-08-31T19:25:26Z,71.860823,17.902101,6.0,69,69,SYNTH BG 3,cargo,180,synthetic
419002003,2026-08-31T19:30:26Z,71.868970,17.905135,5.7,69,69,SYNTH BG 3,cargo,180,synthetic
419002004,2026-08-31T13:38:42Z,72.217577,17.913605,11.6,72,72,SYNTH BG 4,fishing,180,synthetic
419002004,2026-08-31T13:43:42Z,72.233293,17.918334,11.5,72,72,SYNTH BG 4,fishing,180,synthetic
419002004,2026-08-31T13:48:42Z,72.248990,17.923045,11.1,72,72,SYNTH BG 4,fishing,180,synthetic
419002004,2026-08-31T13:53:42Z,72.264720,17.927782,11.2,72,72,SYNTH BG 4,fishing,180,synthetic
419002004,2026-08-31T13:58:42Z,72.280446,17.932487,11.4,72,72,SYNTH BG 4,fishing,180,synthetic
419002004,2026-08-31T14:03:42Z,72.296151,17.937224,11.2,72,72,SYNTH BG 4,fishing,180,synthetic
419002004,2026-08-31T14:08:42Z,72.311875,17.941940,11.1,72,72,SYNTH BG 4,fishing,180,synthetic
419002004,2026-08-31T14:13:42Z,72.327608,17.946683,11.4,72,72,SYNTH BG 4,fishing,180,synthetic
419002004,2026-08-31T14:18:42Z,72.343320,17.951392,11.1,72,72,SYNTH BG 4,fishing,180,synthetic
419002004,2026-08-31T14:23:42Z,72.359057,17.956103,11.6,72,72,SYNTH BG 4,fishing,180,synthetic
419002004,2026-08-31T14:28:42Z,72.374771,17.960838,11.4,72,72,SYNTH BG 4,fishing,180,synthetic
419002004,2026-08-31T14:33:42Z,72.390509,17.965573,11.5,72,72,SYNTH BG 4,fishing,180,synthetic
419002004,2026-08-31T14:38:42Z,72.406224,17.970304,11.6,72,72,SYNTH BG 4,fishing,180,synthetic
419002004,2026-08-31T14:43:42Z,72.421946,17.975030,11.3,72,72,SYNTH BG 4,fishing,180,synthetic
419002004,2026-08-31T14:48:42Z,72.437672,17.979729,11.3,72,72,SYNTH BG 4,fishing,180,synthetic
419002004,2026-08-31T14:53:42Z,72.453404,17.984448,11.4,72,72,SYNTH BG 4,fishing,180,synthetic
419002004,2026-08-31T14:58:42Z,72.469126,17.989187,10.9,72,72,SYNTH BG 4,fishing,180,synthetic
419002004,2026-08-31T15:03:42Z,72.484847,17.993914,11.2,72,72,SYNTH BG 4,fishing,180,synthetic
419002004,2026-08-31T15:08:42Z,72.500575,17.998607,11.4,72,72,SYNTH BG 4,fishing,180,synthetic
419002004,2026-08-31T15:13:42Z,72.516294,18.003362,10.9,72,72,SYNTH BG 4,fishing,180,synthetic
419002004,2026-08-31T15:18:42Z,72.532035,18.008074,11.5,72,72,SYNTH BG 4,fishing,180,synthetic
419002004,2026-08-31T15:23:42Z,72.547746,18.012793,11.8,72,72,SYNTH BG 4,fishing,180,synthetic
419002004,2026-08-31T15:28:42Z,72.563475,18.017515,11.3,72,72,SYNTH BG 4,fishing,180,synthetic
419002004,2026-08-31T15:33:42Z,72.579202,18.022257,11.7,72,72,SYNTH BG 4,fishing,180,synthetic
419002004,2026-08-31T15:38:42Z,72.594934,18.026951,11.5,72,72,SYNTH BG 4,fishing,180,synthetic
419002004,2026-08-31T15:43:42Z,72.610681,18.031700,11.5,72,72,SYNTH BG 4,fishing,180,synthetic
419002004,2026-08-31T15:48:42Z,72.626391,18.036413,11.0,72,72,SYNTH BG 4,fishing,180,synthetic
419002004,2026-08-31T15:53:42Z,72.642115,18.041147,11.2,72,72,SYNTH BG 4,fishing,180,synthetic
419002004,2026-08-31T15:58:42Z,72.657883,18.045861,11.2,72,72,SYNTH BG 4,fishing,180,synthetic
419002004,2026-08-31T16:03:42Z,72.673599,18.050602,11.4,72,72,SYNTH BG 4,fishing,180,synthetic
419002004,2026-08-31T16:08:42Z,72.689310,18.055310,11.6,72,72,SYNTH BG 4,fishing,180,synthetic
419002004,2026-08-31T16:13:42Z,72.705049,18.060022,11.5,72,72,SYNTH BG 4,fishing,180,synthetic
419002004,2026-08-31T16:18:42Z,72.720788,18.064742,11.2,72,72,SYNTH BG 4,fishing,180,synthetic
419002004,2026-08-31T16:23:42Z,72.736511,18.069479,11.3,72,72,SYNTH BG 4,fishing,180,synthetic
419002004,2026-08-31T16:28:42Z,72.752263,18.074206,11.0,72,72,SYNTH BG 4,fishing,180,synthetic
419002004,2026-08-31T16:33:42Z,72.767989,18.078931,11.4,72,72,SYNTH BG 4,fishing,180,synthetic
419002004,2026-08-31T16:38:42Z,72.783729,18.083639,11.1,72,72,SYNTH BG 4,fishing,180,synthetic
419002004,2026-08-31T16:43:42Z,72.799463,18.088357,10.9,72,72,SYNTH BG 4,fishing,180,synthetic
419002004,2026-08-31T16:48:42Z,72.815198,18.093084,11.3,72,72,SYNTH BG 4,fishing,180,synthetic
419002004,2026-08-31T16:53:42Z,72.830909,18.097801,11.1,72,72,SYNTH BG 4,fishing,180,synthetic
419002004,2026-08-31T16:58:42Z,72.846655,18.102541,10.9,72,72,SYNTH BG 4,fishing,180,synthetic
419002004,2026-08-31T17:03:42Z,72.862402,18.107248,11.1,72,72,SYNTH BG 4,fishing,180,synthetic
419002004,2026-08-31T17:08:42Z,72.878138,18.111982,11.0,72,72,SYNTH BG 4,fishing,180,synthetic
419002004,2026-08-31T17:13:42Z,72.893887,18.116697,11.4,72,72,SYNTH BG 4,fishing,180,synthetic
419002004,2026-08-31T17:18:42Z,72.909607,18.121443,11.2,72,72,SYNTH BG 4,fishing,180,synthetic
419002004,2026-08-31T17:23:42Z,72.925353,18.126145,11.5,72,72,SYNTH BG 4,fishing,180,synthetic
419002004,2026-08-31T17:28:42Z,72.941074,18.130871,11.7,72,72,SYNTH BG 4,fishing,180,synthetic
419002004,2026-08-31T17:33:42Z,72.956823,18.135599,11.8,72,72,SYNTH BG 4,fishing,180,synthetic
419002005,2026-08-31T13:02:03Z,72.324135,18.612766,5.1,193,193,SYNTH BG 5,tanker,180,synthetic
419002005,2026-08-31T13:07:03Z,72.322428,18.605870,5.2,193,193,SYNTH BG 5,tanker,180,synthetic
419002005,2026-08-31T13:12:03Z,72.320694,18.598984,5.0,193,193,SYNTH BG 5,tanker,180,synthetic
419002005,2026-08-31T13:17:03Z,72.318998,18.592099,4.9,193,193,SYNTH BG 5,tanker,180,synthetic
419002005,2026-08-31T13:22:03Z,72.317294,18.585203,5.0,193,193,SYNTH BG 5,tanker,180,synthetic
419002005,2026-08-31T13:27:03Z,72.315561,18.578301,5.2,193,193,SYNTH BG 5,tanker,180,synthetic
419002005,2026-08-31T13:32:03Z,72.313852,18.571421,5.3,193,193,SYNTH BG 5,tanker,180,synthetic
419002005,2026-08-31T13:37:03Z,72.312159,18.564544,5.0,193,193,SYNTH BG 5,tanker,180,synthetic
419002005,2026-08-31T13:42:03Z,72.310425,18.557647,5.2,193,193,SYNTH BG 5,tanker,180,synthetic
419002005,2026-08-31T13:47:03Z,72.308734,18.550745,5.3,193,193,SYNTH BG 5,tanker,180,synthetic
419002005,2026-08-31T13:52:03Z,72.307019,18.543860,5.2,193,193,SYNTH BG 5,tanker,180,synthetic
419002005,2026-08-31T13:57:03Z,72.305302,18.536964,5.2,193,193,SYNTH BG 5,tanker,180,synthetic
419002005,2026-08-31T14:02:03Z,72.303595,18.530064,5.5,193,193,SYNTH BG 5,tanker,180,synthetic
419002005,2026-08-31T14:07:03Z,72.301871,18.523187,5.1,193,193,SYNTH BG 5,tanker,180,synthetic
419002005,2026-08-31T14:12:03Z,72.300158,18.516306,5.0,193,193,SYNTH BG 5,tanker,180,synthetic
419002005,2026-08-31T14:17:03Z,72.298435,18.509387,5.0,193,193,SYNTH BG 5,tanker,180,synthetic
419002005,2026-08-31T14:22:03Z,72.296757,18.502504,5.3,193,193,SYNTH BG 5,tanker,180,synthetic
419002005,2026-08-31T14:27:03Z,72.295013,18.495614,5.2,193,193,SYNTH BG 5,tanker,180,synthetic
419002005,2026-08-31T14:32:03Z,72.293329,18.488711,5.2,193,193,SYNTH BG 5,tanker,180,synthetic
419002005,2026-08-31T14:37:03Z,72.291602,18.481816,5.1,193,193,SYNTH BG 5,tanker,180,synthetic
419002005,2026-08-31T14:42:03Z,72.289884,18.474911,5.2,193,193,SYNTH BG 5,tanker,180,synthetic
419002005,2026-08-31T14:47:03Z,72.288180,18.468038,4.8,193,193,SYNTH BG 5,tanker,180,synthetic
419002005,2026-08-31T14:52:03Z,72.286478,18.461153,5.3,193,193,SYNTH BG 5,tanker,180,synthetic
419002005,2026-08-31T14:57:03Z,72.284765,18.454254,5.3,193,193,SYNTH BG 5,tanker,180,synthetic
419002005,2026-08-31T15:02:03Z,72.283037,18.447366,5.1,193,193,SYNTH BG 5,tanker,180,synthetic
419002005,2026-08-31T15:07:03Z,72.281327,18.440486,5.1,193,193,SYNTH BG 5,tanker,180,synthetic
419002005,2026-08-31T15:12:03Z,72.279614,18.433580,5.2,193,193,SYNTH BG 5,tanker,180,synthetic
419002005,2026-08-31T15:17:03Z,72.277895,18.426686,5.1,193,193,SYNTH BG 5,tanker,180,synthetic
419002005,2026-08-31T15:22:03Z,72.276187,18.419798,5.0,193,193,SYNTH BG 5,tanker,180,synthetic
419002005,2026-08-31T15:27:03Z,72.274501,18.412921,5.2,193,193,SYNTH BG 5,tanker,180,synthetic
419002005,2026-08-31T15:32:03Z,72.272769,18.406038,5.2,193,193,SYNTH BG 5,tanker,180,synthetic
419002005,2026-08-31T15:37:03Z,72.271058,18.399127,5.2,193,193,SYNTH BG 5,tanker,180,synthetic
419002005,2026-08-31T15:42:03Z,72.269362,18.392232,5.5,193,193,SYNTH BG 5,tanker,180,synthetic
419002005,2026-08-31T15:47:03Z,72.267627,18.385347,4.9,193,193,SYNTH BG 5,tanker,180,synthetic
419002005,2026-08-31T15:52:03Z,72.265943,18.378445,5.1,193,193,SYNTH BG 5,tanker,180,synthetic
419002005,2026-08-31T15:57:03Z,72.264223,18.371569,4.9,193,193,SYNTH BG 5,tanker,180,synthetic
419002005,2026-08-31T16:02:03Z,72.262500,18.364651,5.1,193,193,SYNTH BG 5,tanker,180,synthetic
419002005,2026-08-31T16:07:03Z,72.260791,18.357769,5.0,193,193,SYNTH BG 5,tanker,180,synthetic
419002005,2026-08-31T16:12:03Z,72.259078,18.350873,5.2,193,193,SYNTH BG 5,tanker,180,synthetic
419002005,2026-08-31T16:17:03Z,72.257386,18.343970,5.1,193,193,SYNTH BG 5,tanker,180,synthetic
419002005,2026-08-31T16:22:03Z,72.255656,18.337102,4.9,193,193,SYNTH BG 5,tanker,180,synthetic
419002005,2026-08-31T16:27:03Z,72.253948,18.330195,5.2,193,193,SYNTH BG 5,tanker,180,synthetic
419002005,2026-08-31T16:32:03Z,72.252240,18.323312,5.2,193,193,SYNTH BG 5,tanker,180,synthetic
419002005,2026-08-31T16:37:03Z,72.250526,18.316406,5.2,193,193,SYNTH BG 5,tanker,180,synthetic
419002005,2026-08-31T16:42:03Z,72.248821,18.309528,5.3,193,193,SYNTH BG 5,tanker,180,synthetic
419002005,2026-08-31T16:47:03Z,72.247120,18.302627,5.0,193,193,SYNTH BG 5,tanker,180,synthetic
419002005,2026-08-31T16:52:03Z,72.245413,18.295760,5.0,193,193,SYNTH BG 5,tanker,180,synthetic
419002005,2026-08-31T16:57:03Z,72.243675,18.288848,5.0,193,193,SYNTH BG 5,tanker,180,synthetic
419002005,2026-08-31T17:02:03Z,72.241961,18.281962,4.9,193,193,SYNTH BG 5,tanker,180,synthetic
419002005,2026-08-31T17:07:03Z,72.240255,18.275079,5.0,193,193,SYNTH BG 5,tanker,180,synthetic
419002005,2026-08-31T17:12:03Z,72.238556,18.268185,5.3,193,193,SYNTH BG 5,tanker,180,synthetic
419002005,2026-08-31T17:17:03Z,72.236844,18.261287,4.9,193,193,SYNTH BG 5,tanker,180,synthetic
419002005,2026-08-31T17:22:03Z,72.235155,18.254401,4.9,193,193,SYNTH BG 5,tanker,180,synthetic
419002005,2026-08-31T17:27:03Z,72.233427,18.247510,5.2,193,193,SYNTH BG 5,tanker,180,synthetic
419002005,2026-08-31T17:32:03Z,72.231736,18.240625,5.0,193,193,SYNTH BG 5,tanker,180,synthetic
419002005,2026-08-31T17:37:03Z,72.230007,18.233706,5.2,193,193,SYNTH BG 5,tanker,180,synthetic
419002005,2026-08-31T17:42:03Z,72.228300,18.226854,5.1,193,193,SYNTH BG 5,tanker,180,synthetic
419002005,2026-08-31T17:47:03Z,72.226568,18.219928,5.1,193,193,SYNTH BG 5,tanker,180,synthetic
419002005,2026-08-31T17:52:03Z,72.224867,18.213035,5.0,193,193,SYNTH BG 5,tanker,180,synthetic
419002005,2026-08-31T17:57:03Z,72.223174,18.206150,4.9,193,193,SYNTH BG 5,tanker,180,synthetic
419002005,2026-08-31T18:02:03Z,72.221469,18.199254,5.0,193,193,SYNTH BG 5,tanker,180,synthetic
419002005,2026-08-31T18:07:03Z,72.219738,18.192360,5.2,193,193,SYNTH BG 5,tanker,180,synthetic
419002005,2026-08-31T18:12:03Z,72.218026,18.185475,5.3,193,193,SYNTH BG 5,tanker,180,synthetic
419002005,2026-08-31T18:17:03Z,72.216329,18.178586,4.9,193,193,SYNTH BG 5,tanker,180,synthetic
419002005,2026-08-31T18:22:03Z,72.214637,18.171703,5.2,193,193,SYNTH BG 5,tanker,180,synthetic
419002005,2026-08-31T18:27:03Z,72.212898,18.164790,5.3,193,193,SYNTH BG 5,tanker,180,synthetic
419002005,2026-08-31T18:32:03Z,72.211223,18.157911,5.4,193,193,SYNTH BG 5,tanker,180,synthetic
419002005,2026-08-31T18:37:03Z,72.209491,18.151015,5.1,193,193,SYNTH BG 5,tanker,180,synthetic
419002005,2026-08-31T18:42:03Z,72.207793,18.144109,5.3,193,193,SYNTH BG 5,tanker,180,synthetic
419002005,2026-08-31T18:47:03Z,72.206093,18.137221,4.8,193,193,SYNTH BG 5,tanker,180,synthetic
419002005,2026-08-31T18:52:03Z,72.204375,18.130334,4.6,193,193,SYNTH BG 5,tanker,180,synthetic
419002005,2026-08-31T18:57:03Z,72.202671,18.123451,5.0,193,193,SYNTH BG 5,tanker,180,synthetic
419002005,2026-08-31T19:02:03Z,72.200975,18.116558,5.0,193,193,SYNTH BG 5,tanker,180,synthetic
419002005,2026-08-31T19:07:03Z,72.199247,18.109655,5.0,193,193,SYNTH BG 5,tanker,180,synthetic
419002005,2026-08-31T19:12:03Z,72.197541,18.102768,5.0,193,193,SYNTH BG 5,tanker,180,synthetic
419002005,2026-08-31T19:17:03Z,72.195846,18.095890,5.3,193,193,SYNTH BG 5,tanker,180,synthetic
419002005,2026-08-31T19:22:03Z,72.194126,18.088994,5.4,193,193,SYNTH BG 5,tanker,180,synthetic
419002005,2026-08-31T19:27:03Z,72.192412,18.082116,4.9,193,193,SYNTH BG 5,tanker,180,synthetic
419002005,2026-08-31T19:32:03Z,72.190702,18.075192,5.0,193,193,SYNTH BG 5,tanker,180,synthetic
419002005,2026-08-31T19:37:03Z,72.189002,18.068329,5.0,193,193,SYNTH BG 5,tanker,180,synthetic
419002005,2026-08-31T19:42:03Z,72.187289,18.061419,5.0,193,193,SYNTH BG 5,tanker,180,synthetic
419002005,2026-08-31T19:47:03Z,72.185569,18.054531,4.8,193,193,SYNTH BG 5,tanker,180,synthetic
419002006,2026-08-31T14:01:46Z,72.504718,18.465748,12.4,44,44,SYNTH BG 6,tanker,180,synthetic
419002006,2026-08-31T14:06:46Z,72.517304,18.478306,12.9,44,44,SYNTH BG 6,tanker,180,synthetic
419002006,2026-08-31T14:11:46Z,72.529919,18.490845,12.7,44,44,SYNTH BG 6,tanker,180,synthetic
419002006,2026-08-31T14:16:46Z,72.542546,18.503421,12.4,44,44,SYNTH BG 6,tanker,180,synthetic
419002006,2026-08-31T14:21:46Z,72.555164,18.515942,12.9,44,44,SYNTH BG 6,tanker,180,synthetic
419002006,2026-08-31T14:26:46Z,72.567767,18.528485,12.5,44,44,SYNTH BG 6,tanker,180,synthetic
419002006,2026-08-31T14:31:46Z,72.580390,18.541080,12.4,44,44,SYNTH BG 6,tanker,180,synthetic
419002006,2026-08-31T14:36:46Z,72.593010,18.553619,12.8,44,44,SYNTH BG 6,tanker,180,synthetic
419002006,2026-08-31T14:41:46Z,72.605628,18.566177,12.6,44,44,SYNTH BG 6,tanker,180,synthetic
419002006,2026-08-31T14:46:46Z,72.618246,18.578720,12.5,44,44,SYNTH BG 6,tanker,180,synthetic
419002006,2026-08-31T14:51:46Z,72.630860,18.591285,12.2,44,44,SYNTH BG 6,tanker,180,synthetic
419002006,2026-08-31T14:56:46Z,72.643503,18.603835,12.5,44,44,SYNTH BG 6,tanker,180,synthetic
419002006,2026-08-31T15:01:46Z,72.656107,18.616376,12.6,44,44,SYNTH BG 6,tanker,180,synthetic
419002006,2026-08-31T15:06:46Z,72.668745,18.628935,12.7,44,44,SYNTH BG 6,tanker,180,synthetic
419002006,2026-08-31T15:11:46Z,72.681357,18.641487,12.2,44,44,SYNTH BG 6,tanker,180,synthetic
419002006,2026-08-31T15:16:46Z,72.693996,18.654039,12.4,44,44,SYNTH BG 6,tanker,180,synthetic
419002006,2026-08-31T15:21:46Z,72.706626,18.666598,11.9,44,44,SYNTH BG 6,tanker,180,synthetic
419002006,2026-08-31T15:26:46Z,72.719242,18.679129,12.7,44,44,SYNTH BG 6,tanker,180,synthetic
419002006,2026-08-31T15:31:46Z,72.731895,18.691692,12.5,44,44,SYNTH BG 6,tanker,180,synthetic
419002006,2026-08-31T15:36:46Z,72.744497,18.704253,12.6,44,44,SYNTH BG 6,tanker,180,synthetic
419002006,2026-08-31T15:41:46Z,72.757143,18.716793,12.8,44,44,SYNTH BG 6,tanker,180,synthetic
419002006,2026-08-31T15:46:46Z,72.769751,18.729359,12.7,44,44,SYNTH BG 6,tanker,180,synthetic
419002006,2026-08-31T15:51:46Z,72.782400,18.741900,12.4,44,44,SYNTH BG 6,tanker,180,synthetic
419002006,2026-08-31T15:56:46Z,72.795021,18.754461,12.7,44,44,SYNTH BG 6,tanker,180,synthetic
419002006,2026-08-31T16:01:46Z,72.807647,18.767020,12.6,44,44,SYNTH BG 6,tanker,180,synthetic
419002006,2026-08-31T16:06:46Z,72.820300,18.779573,12.8,44,44,SYNTH BG 6,tanker,180,synthetic
419002006,2026-08-31T16:11:46Z,72.832935,18.792130,12.6,44,44,SYNTH BG 6,tanker,180,synthetic
419002006,2026-08-31T16:16:46Z,72.845585,18.804655,12.8,44,44,SYNTH BG 6,tanker,180,synthetic
419002006,2026-08-31T16:21:46Z,72.858203,18.817224,12.3,44,44,SYNTH BG 6,tanker,180,synthetic
419002006,2026-08-31T16:26:46Z,72.870825,18.829776,12.4,44,44,SYNTH BG 6,tanker,180,synthetic
419002006,2026-08-31T16:31:46Z,72.883488,18.842318,12.8,44,44,SYNTH BG 6,tanker,180,synthetic
419002006,2026-08-31T16:36:46Z,72.896127,18.854884,12.4,44,44,SYNTH BG 6,tanker,180,synthetic
419002006,2026-08-31T16:41:46Z,72.908758,18.867428,12.4,44,44,SYNTH BG 6,tanker,180,synthetic
419002006,2026-08-31T16:46:46Z,72.921408,18.879990,12.2,44,44,SYNTH BG 6,tanker,180,synthetic
419002006,2026-08-31T16:51:46Z,72.934049,18.892536,12.5,44,44,SYNTH BG 6,tanker,180,synthetic
419002006,2026-08-31T16:56:46Z,72.946714,18.905105,12.4,44,44,SYNTH BG 6,tanker,180,synthetic
419002006,2026-08-31T17:01:46Z,72.959325,18.917637,12.2,44,44,SYNTH BG 6,tanker,180,synthetic
419002006,2026-08-31T17:06:46Z,72.971994,18.930197,12.5,44,44,SYNTH BG 6,tanker,180,synthetic
419002006,2026-08-31T17:11:46Z,72.984628,18.942758,12.8,44,44,SYNTH BG 6,tanker,180,synthetic
419002006,2026-08-31T17:16:46Z,72.997276,18.955307,12.3,44,44,SYNTH BG 6,tanker,180,synthetic
419002006,2026-08-31T17:21:46Z,73.009940,18.967853,12.3,44,44,SYNTH BG 6,tanker,180,synthetic
419002006,2026-08-31T17:26:46Z,73.022568,18.980402,12.6,44,44,SYNTH BG 6,tanker,180,synthetic
419002006,2026-08-31T17:31:46Z,73.035258,18.992960,12.7,44,44,SYNTH BG 6,tanker,180,synthetic
419002006,2026-08-31T17:36:46Z,73.047887,19.005511,12.5,44,44,SYNTH BG 6,tanker,180,synthetic
419002006,2026-08-31T17:41:46Z,73.060535,19.018069,12.9,44,44,SYNTH BG 6,tanker,180,synthetic
419002006,2026-08-31T17:46:46Z,73.073172,19.030632,12.6,44,44,SYNTH BG 6,tanker,180,synthetic
419002006,2026-08-31T17:51:46Z,73.085840,19.043183,12.7,44,44,SYNTH BG 6,tanker,180,synthetic
419002006,2026-08-31T17:56:46Z,73.098504,19.055739,12.6,44,44,SYNTH BG 6,tanker,180,synthetic
419002006,2026-08-31T18:01:46Z,73.111138,19.068302,13.0,44,44,SYNTH BG 6,tanker,180,synthetic
419002006,2026-08-31T18:06:46Z,73.123826,19.080851,12.2,44,44,SYNTH BG 6,tanker,180,synthetic
419002006,2026-08-31T18:11:46Z,73.136474,19.093386,12.4,44,44,SYNTH BG 6,tanker,180,synthetic
419002006,2026-08-31T18:16:46Z,73.149144,19.105939,12.5,44,44,SYNTH BG 6,tanker,180,synthetic
419002006,2026-08-31T18:21:46Z,73.161776,19.118498,12.5,44,44,SYNTH BG 6,tanker,180,synthetic
419002006,2026-08-31T18:26:46Z,73.174450,19.131046,12.9,44,44,SYNTH BG 6,tanker,180,synthetic
419002006,2026-08-31T18:31:46Z,73.187107,19.143595,12.3,44,44,SYNTH BG 6,tanker,180,synthetic
419002006,2026-08-31T18:36:46Z,73.199795,19.156180,12.6,44,44,SYNTH BG 6,tanker,180,synthetic
419002006,2026-08-31T18:41:46Z,73.212440,19.168708,12.7,44,44,SYNTH BG 6,tanker,180,synthetic
419002006,2026-08-31T18:46:46Z,73.225103,19.181279,12.8,44,44,SYNTH BG 6,tanker,180,synthetic
419002006,2026-08-31T18:51:46Z,73.237780,19.193824,12.7,44,44,SYNTH BG 6,tanker,180,synthetic
419002006,2026-08-31T18:56:46Z,73.250462,19.206360,12.7,44,44,SYNTH BG 6,tanker,180,synthetic
419002006,2026-08-31T19:01:46Z,73.263111,19.218916,12.5,44,44,SYNTH BG 6,tanker,180,synthetic
419002006,2026-08-31T19:06:46Z,73.275782,19.231467,12.2,44,44,SYNTH BG 6,tanker,180,synthetic
419002006,2026-08-31T19:11:46Z,73.288445,19.244045,12.9,44,44,SYNTH BG 6,tanker,180,synthetic
419002006,2026-08-31T19:16:46Z,73.301132,19.256595,12.4,44,44,SYNTH BG 6,tanker,180,synthetic
419002006,2026-08-31T19:21:46Z,73.313797,19.269139,12.3,44,44,SYNTH BG 6,tanker,180,synthetic
419002006,2026-08-31T19:26:46Z,73.326461,19.281690,12.4,44,44,SYNTH BG 6,tanker,180,synthetic
419002006,2026-08-31T19:31:46Z,73.339134,19.294246,12.5,44,44,SYNTH BG 6,tanker,180,synthetic
419002006,2026-08-31T19:36:46Z,73.351830,19.306795,12.4,44,44,SYNTH BG 6,tanker,180,synthetic
419002006,2026-08-31T19:41:46Z,73.364497,19.319346,12.4,44,44,SYNTH BG 6,tanker,180,synthetic
419002006,2026-08-31T19:46:46Z,73.377169,19.331909,12.6,44,44,SYNTH BG 6,tanker,180,synthetic
419002006,2026-08-31T19:51:46Z,73.389863,19.344437,12.4,44,44,SYNTH BG 6,tanker,180,synthetic
419002006,2026-08-31T19:56:46Z,73.402525,19.357009,12.4,44,44,SYNTH BG 6,tanker,180,synthetic
419002006,2026-08-31T20:01:46Z,73.415204,19.369568,12.5,44,44,SYNTH BG 6,tanker,180,synthetic
419002006,2026-08-31T20:06:46Z,73.427879,19.382127,12.7,44,44,SYNTH BG 6,tanker,180,synthetic
419002006,2026-08-31T20:11:46Z,73.440567,19.394675,12.4,44,44,SYNTH BG 6,tanker,180,synthetic
419002006,2026-08-31T20:16:46Z,73.453266,19.407217,12.3,44,44,SYNTH BG 6,tanker,180,synthetic
419002007,2026-08-31T15:59:28Z,72.521333,17.718042,7.5,96,96,SYNTH BG 7,cargo,180,synthetic
419002007,2026-08-31T16:04:28Z,72.532783,17.716842,7.9,96,96,SYNTH BG 7,cargo,180,synthetic
419002007,2026-08-31T16:09:28Z,72.544187,17.715619,7.9,96,96,SYNTH BG 7,cargo,180,synthetic
419002007,2026-08-31T16:14:28Z,72.555595,17.714404,7.7,96,96,SYNTH BG 7,cargo,180,synthetic
419002007,2026-08-31T16:19:28Z,72.567023,17.713200,8.1,96,96,SYNTH BG 7,cargo,180,synthetic
419002007,2026-08-31T16:24:28Z,72.578418,17.711991,7.9,96,96,SYNTH BG 7,cargo,180,synthetic
419002007,2026-08-31T16:29:28Z,72.589835,17.710788,7.9,96,96,SYNTH BG 7,cargo,180,synthetic
419002007,2026-08-31T16:34:28Z,72.601234,17.709562,8.2,96,96,SYNTH BG 7,cargo,180,synthetic
419002007,2026-08-31T16:39:28Z,72.612647,17.708357,8.2,96,96,SYNTH BG 7,cargo,180,synthetic
419002007,2026-08-31T16:44:28Z,72.624071,17.707155,7.8,96,96,SYNTH BG 7,cargo,180,synthetic
419002007,2026-08-31T16:49:28Z,72.635493,17.705943,8.0,96,96,SYNTH BG 7,cargo,180,synthetic
419002007,2026-08-31T16:54:28Z,72.646877,17.704715,7.6,96,96,SYNTH BG 7,cargo,180,synthetic
419002007,2026-08-31T16:59:28Z,72.658293,17.703523,7.8,96,96,SYNTH BG 7,cargo,180,synthetic
419002007,2026-08-31T17:04:28Z,72.669686,17.702294,7.8,96,96,SYNTH BG 7,cargo,180,synthetic
419002007,2026-08-31T17:09:28Z,72.681093,17.701107,8.1,96,96,SYNTH BG 7,cargo,180,synthetic
419002007,2026-08-31T17:14:28Z,72.692545,17.699897,7.8,96,96,SYNTH BG 7,cargo,180,synthetic
419002007,2026-08-31T17:19:28Z,72.703917,17.698644,7.8,96,96,SYNTH BG 7,cargo,180,synthetic
419002007,2026-08-31T17:24:28Z,72.715333,17.697478,8.0,96,96,SYNTH BG 7,cargo,180,synthetic
419002007,2026-08-31T17:29:28Z,72.726750,17.696260,8.0,96,96,SYNTH BG 7,cargo,180,synthetic
419002007,2026-08-31T17:34:28Z,72.738167,17.695037,7.8,96,96,SYNTH BG 7,cargo,180,synthetic
419002007,2026-08-31T17:39:28Z,72.749548,17.693854,8.1,96,96,SYNTH BG 7,cargo,180,synthetic
419002007,2026-08-31T17:44:28Z,72.760978,17.692615,7.9,96,96,SYNTH BG 7,cargo,180,synthetic
419002007,2026-08-31T17:49:28Z,72.772377,17.691418,7.9,96,96,SYNTH BG 7,cargo,180,synthetic
419002007,2026-08-31T17:54:28Z,72.783793,17.690203,8.1,96,96,SYNTH BG 7,cargo,180,synthetic
419002007,2026-08-31T17:59:28Z,72.795198,17.688994,7.9,96,96,SYNTH BG 7,cargo,180,synthetic
419002007,2026-08-31T18:04:28Z,72.806600,17.687795,7.8,96,96,SYNTH BG 7,cargo,180,synthetic
419002007,2026-08-31T18:09:28Z,72.818016,17.686573,7.6,96,96,SYNTH BG 7,cargo,180,synthetic
419002007,2026-08-31T18:14:28Z,72.829430,17.685356,8.0,96,96,SYNTH BG 7,cargo,180,synthetic
419002007,2026-08-31T18:19:28Z,72.840834,17.684140,7.7,96,96,SYNTH BG 7,cargo,180,synthetic
419002007,2026-08-31T18:24:28Z,72.852232,17.682938,7.7,96,96,SYNTH BG 7,cargo,180,synthetic
419002007,2026-08-31T18:29:28Z,72.863653,17.681734,8.0,96,96,SYNTH BG 7,cargo,180,synthetic
419002007,2026-08-31T18:34:28Z,72.875049,17.680529,7.7,96,96,SYNTH BG 7,cargo,180,synthetic
419002007,2026-08-31T18:39:28Z,72.886461,17.679321,7.9,96,96,SYNTH BG 7,cargo,180,synthetic
419002007,2026-08-31T18:44:28Z,72.897865,17.678095,7.9,96,96,SYNTH BG 7,cargo,180,synthetic
419002007,2026-08-31T18:49:28Z,72.909281,17.676893,7.7,96,96,SYNTH BG 7,cargo,180,synthetic
419002007,2026-08-31T18:54:28Z,72.920690,17.675710,7.8,96,96,SYNTH BG 7,cargo,180,synthetic
419002007,2026-08-31T18:59:28Z,72.932096,17.674479,7.4,96,96,SYNTH BG 7,cargo,180,synthetic
419002007,2026-08-31T19:04:28Z,72.943501,17.673258,8.2,96,96,SYNTH BG 7,cargo,180,synthetic
419002007,2026-08-31T19:09:28Z,72.954905,17.672047,7.8,96,96,SYNTH BG 7,cargo,180,synthetic
419002007,2026-08-31T19:14:28Z,72.966317,17.670839,7.9,96,96,SYNTH BG 7,cargo,180,synthetic
419002007,2026-08-31T19:19:28Z,72.977709,17.669632,8.0,96,96,SYNTH BG 7,cargo,180,synthetic
419002007,2026-08-31T19:24:28Z,72.989149,17.668431,7.9,96,96,SYNTH BG 7,cargo,180,synthetic
419002007,2026-08-31T19:29:28Z,73.000548,17.667224,8.2,96,96,SYNTH BG 7,cargo,180,synthetic
419002007,2026-08-31T19:34:28Z,73.011954,17.666003,7.9,96,96,SYNTH BG 7,cargo,180,synthetic
419002008,2026-08-31T14:20:39Z,71.691062,18.110453,9.8,292,292,SYNTH BG 8,fishing,180,synthetic
419002008,2026-08-31T14:25:39Z,71.677372,18.115785,10.2,292,292,SYNTH BG 8,fishing,180,synthetic
419002008,2026-08-31T14:30:39Z,71.663685,18.121118,9.9,292,292,SYNTH BG 8,fishing,180,synthetic
419002008,2026-08-31T14:35:39Z,71.649981,18.126427,10.2,292,292,SYNTH BG 8,fishing,180,synthetic
419002008,2026-08-31T14:40:39Z,71.636283,18.131739,10.0,292,292,SYNTH BG 8,fishing,180,synthetic
419002008,2026-08-31T14:45:39Z,71.622567,18.137062,10.1,292,292,SYNTH BG 8,fishing,180,synthetic
419002008,2026-08-31T14:50:39Z,71.608862,18.142382,10.3,292,292,SYNTH BG 8,fishing,180,synthetic
419002008,2026-08-31T14:55:39Z,71.595177,18.147719,9.8,292,292,SYNTH BG 8,fishing,180,synthetic
419002008,2026-08-31T15:00:39Z,71.581471,18.153033,10.2,292,292,SYNTH BG 8,fishing,180,synthetic
419002008,2026-08-31T15:05:39Z,71.567773,18.158371,10.1,292,292,SYNTH BG 8,fishing,180,synthetic
419002008,2026-08-31T15:10:39Z,71.554079,18.163685,10.3,292,292,SYNTH BG 8,fishing,180,synthetic
419002008,2026-08-31T15:15:39Z,71.540374,18.169020,10.2,292,292,SYNTH BG 8,fishing,180,synthetic
419002008,2026-08-31T15:20:39Z,71.526679,18.174332,10.2,292,292,SYNTH BG 8,fishing,180,synthetic
419002008,2026-08-31T15:25:39Z,71.512986,18.179665,10.2,292,292,SYNTH BG 8,fishing,180,synthetic
419002008,2026-08-31T15:30:39Z,71.499283,18.184980,10.4,292,292,SYNTH BG 8,fishing,180,synthetic
419002008,2026-08-31T15:35:39Z,71.485572,18.190281,10.4,292,292,SYNTH BG 8,fishing,180,synthetic
419002008,2026-08-31T15:40:39Z,71.471871,18.195613,10.1,292,292,SYNTH BG 8,fishing,180,synthetic
419002008,2026-08-31T15:45:39Z,71.458158,18.200969,10.2,292,292,SYNTH BG 8,fishing,180,synthetic
419002008,2026-08-31T15:50:39Z,71.444448,18.206277,10.1,292,292,SYNTH BG 8,fishing,180,synthetic
419002008,2026-08-31T15:55:39Z,71.430779,18.211584,9.7,292,292,SYNTH BG 8,fishing,180,synthetic
419002008,2026-08-31T16:00:39Z,71.417056,18.216914,10.1,292,292,SYNTH BG 8,fishing,180,synthetic
419002008,2026-08-31T16:05:39Z,71.403329,18.222245,10.5,292,292,SYNTH BG 8,fishing,180,synthetic
419002008,2026-08-31T16:10:39Z,71.389626,18.227576,10.0,292,292,SYNTH BG 8,fishing,180,synthetic
419002008,2026-08-31T16:15:39Z,71.375964,18.232892,10.1,292,292,SYNTH BG 8,fishing,180,synthetic
419002008,2026-08-31T16:20:39Z,71.362245,18.238216,10.0,292,292,SYNTH BG 8,fishing,180,synthetic
419002008,2026-08-31T16:25:39Z,71.348535,18.243529,9.8,292,292,SYNTH BG 8,fishing,180,synthetic
419002008,2026-08-31T16:30:39Z,71.334841,18.248854,10.0,292,292,SYNTH BG 8,fishing,180,synthetic
419002008,2026-08-31T16:35:39Z,71.321117,18.254165,9.9,292,292,SYNTH BG 8,fishing,180,synthetic
419002008,2026-08-31T16:40:39Z,71.307401,18.259499,10.2,292,292,SYNTH BG 8,fishing,180,synthetic
419002008,2026-08-31T16:45:39Z,71.293709,18.264822,10.2,292,292,SYNTH BG 8,fishing,180,synthetic
419002008,2026-08-31T16:50:39Z,71.279996,18.270140,10.2,292,292,SYNTH BG 8,fishing,180,synthetic
419002008,2026-08-31T16:55:39Z,71.266271,18.275484,10.2,292,292,SYNTH BG 8,fishing,180,synthetic
419002008,2026-08-31T17:00:39Z,71.252572,18.280784,10.2,292,292,SYNTH BG 8,fishing,180,synthetic
419002008,2026-08-31T17:05:39Z,71.238854,18.286127,10.1,292,292,SYNTH BG 8,fishing,180,synthetic
419002008,2026-08-31T17:10:39Z,71.225144,18.291453,10.3,292,292,SYNTH BG 8,fishing,180,synthetic
419002008,2026-08-31T17:15:39Z,71.211435,18.296778,10.1,292,292,SYNTH BG 8,fishing,180,synthetic
419002008,2026-08-31T17:20:39Z,71.197727,18.302091,10.0,292,292,SYNTH BG 8,fishing,180,synthetic
419002008,2026-08-31T17:25:39Z,71.184014,18.307412,10.5,292,292,SYNTH BG 8,fishing,180,synthetic
419002008,2026-08-31T17:30:39Z,71.170322,18.312734,10.5,292,292,SYNTH BG 8,fishing,180,synthetic
419002008,2026-08-31T17:35:39Z,71.156594,18.318063,10.3,292,292,SYNTH BG 8,fishing,180,synthetic
419002008,2026-08-31T17:40:39Z,71.142885,18.323407,10.2,292,292,SYNTH BG 8,fishing,180,synthetic
419002008,2026-08-31T17:45:39Z,71.129157,18.328719,10.1,292,292,SYNTH BG 8,fishing,180,synthetic
419002008,2026-08-31T17:50:39Z,71.115452,18.334000,10.3,292,292,SYNTH BG 8,fishing,180,synthetic
419002008,2026-08-31T17:55:39Z,71.101750,18.339361,10.3,292,292,SYNTH BG 8,fishing,180,synthetic
419002008,2026-08-31T18:00:39Z,71.088044,18.344675,10.3,292,292,SYNTH BG 8,fishing,180,synthetic
419002008,2026-08-31T18:05:39Z,71.074305,18.349996,10.4,292,292,SYNTH BG 8,fishing,180,synthetic
419002008,2026-08-31T18:10:39Z,71.060601,18.355309,10.2,292,292,SYNTH BG 8,fishing,180,synthetic
419002008,2026-08-31T18:15:39Z,71.046880,18.360638,10.2,292,292,SYNTH BG 8,fishing,180,synthetic
419002008,2026-08-31T18:20:39Z,71.033161,18.365953,9.9,292,292,SYNTH BG 8,fishing,180,synthetic
419002008,2026-08-31T18:25:39Z,71.019467,18.371277,10.2,292,292,SYNTH BG 8,fishing,180,synthetic
419002008,2026-08-31T18:30:39Z,71.005738,18.376622,9.9,292,292,SYNTH BG 8,fishing,180,synthetic
419002008,2026-08-31T18:35:39Z,70.992012,18.381940,10.3,292,292,SYNTH BG 8,fishing,180,synthetic
419002008,2026-08-31T18:40:39Z,70.978291,18.387250,10.3,292,292,SYNTH BG 8,fishing,180,synthetic
419002008,2026-08-31T18:45:39Z,70.964590,18.392589,10.0,292,292,SYNTH BG 8,fishing,180,synthetic
419002008,2026-08-31T18:50:39Z,70.950864,18.397910,10.3,292,292,SYNTH BG 8,fishing,180,synthetic
419002008,2026-08-31T18:55:39Z,70.937129,18.403233,10.1,292,292,SYNTH BG 8,fishing,180,synthetic
419002008,2026-08-31T19:00:39Z,70.923411,18.408557,10.2,292,292,SYNTH BG 8,fishing,180,synthetic
419002008,2026-08-31T19:05:39Z,70.909698,18.413882,9.9,292,292,SYNTH BG 8,fishing,180,synthetic
419002008,2026-08-31T19:10:39Z,70.895981,18.419206,10.2,292,292,SYNTH BG 8,fishing,180,synthetic
419002008,2026-08-31T19:15:39Z,70.882272,18.424513,9.8,292,292,SYNTH BG 8,fishing,180,synthetic
419002008,2026-08-31T19:20:39Z,70.868542,18.429853,10.6,292,292,SYNTH BG 8,fishing,180,synthetic
419002008,2026-08-31T19:25:39Z,70.854825,18.435163,10.3,292,292,SYNTH BG 8,fishing,180,synthetic
419002008,2026-08-31T19:30:39Z,70.841088,18.440480,10.7,292,292,SYNTH BG 8,fishing,180,synthetic
419002008,2026-08-31T19:35:39Z,70.827377,18.445825,10.3,292,292,SYNTH BG 8,fishing,180,synthetic
419002008,2026-08-31T19:40:39Z,70.813669,18.451144,10.4,292,292,SYNTH BG 8,fishing,180,synthetic
419002009,2026-08-31T16:13:47Z,72.277324,17.784198,11.7,76,76,SYNTH BG 9,container,180,synthetic
419002009,2026-08-31T16:18:47Z,72.293472,17.787971,11.5,76,76,SYNTH BG 9,container,180,synthetic
419002009,2026-08-31T16:23:47Z,72.309619,17.791732,11.6,76,76,SYNTH BG 9,container,180,synthetic
419002009,2026-08-31T16:28:47Z,72.325741,17.795493,11.9,76,76,SYNTH BG 9,container,180,synthetic
419002009,2026-08-31T16:33:47Z,72.341891,17.799247,11.6,76,76,SYNTH BG 9,container,180,synthetic
419002009,2026-08-31T16:38:47Z,72.358050,17.803016,11.1,76,76,SYNTH BG 9,container,180,synthetic
419002009,2026-08-31T16:43:47Z,72.374191,17.806759,11.2,76,76,SYNTH BG 9,container,180,synthetic
419002009,2026-08-31T16:48:47Z,72.390336,17.810528,11.6,76,76,SYNTH BG 9,container,180,synthetic
419002009,2026-08-31T16:53:47Z,72.406508,17.814300,11.6,76,76,SYNTH BG 9,container,180,synthetic
419002009,2026-08-31T16:58:47Z,72.422613,17.818046,11.2,76,76,SYNTH BG 9,container,180,synthetic
419002009,2026-08-31T17:03:47Z,72.438763,17.821803,11.3,76,76,SYNTH BG 9,container,180,synthetic
419002009,2026-08-31T17:08:47Z,72.454912,17.825565,11.1,76,76,SYNTH BG 9,container,180,synthetic
419002009,2026-08-31T17:13:47Z,72.471048,17.829340,11.4,76,76,SYNTH BG 9,container,180,synthetic
419002009,2026-08-31T17:18:47Z,72.487219,17.833107,11.3,76,76,SYNTH BG 9,container,180,synthetic
419002009,2026-08-31T17:23:47Z,72.503363,17.836843,11.9,76,76,SYNTH BG 9,container,180,synthetic
419002009,2026-08-31T17:28:47Z,72.519516,17.840616,11.2,76,76,SYNTH BG 9,container,180,synthetic
419002009,2026-08-31T17:33:47Z,72.535656,17.844360,11.3,76,76,SYNTH BG 9,container,180,synthetic
419002009,2026-08-31T17:38:47Z,72.551808,17.848140,11.3,76,76,SYNTH BG 9,container,180,synthetic
419002009,2026-08-31T17:43:47Z,72.567959,17.851890,11.5,76,76,SYNTH BG 9,container,180,synthetic
419002009,2026-08-31T17:48:47Z,72.584094,17.855653,11.5,76,76,SYNTH BG 9,container,180,synthetic
419002009,2026-08-31T17:53:47Z,72.600238,17.859441,11.3,76,76,SYNTH BG 9,container,180,synthetic
419002009,2026-08-31T17:58:47Z,72.616418,17.863172,11.5,76,76,SYNTH BG 9,container,180,synthetic
419002009,2026-08-31T18:03:47Z,72.632536,17.866930,11.4,76,76,SYNTH BG 9,container,180,synthetic
419002009,2026-08-31T18:08:47Z,72.648706,17.870692,11.7,76,76,SYNTH BG 9,container,180,synthetic
419002009,2026-08-31T18:13:47Z,72.664842,17.874467,11.5,76,76,SYNTH BG 9,container,180,synthetic
419002009,2026-08-31T18:18:47Z,72.681007,17.878208,11.7,76,76,SYNTH BG 9,container,180,synthetic
419002009,2026-08-31T18:23:47Z,72.697158,17.881983,11.2,76,76,SYNTH BG 9,container,180,synthetic
419002009,2026-08-31T18:28:47Z,72.713287,17.885734,11.5,76,76,SYNTH BG 9,container,180,synthetic
419002009,2026-08-31T18:33:47Z,72.729453,17.889497,11.3,76,76,SYNTH BG 9,container,180,synthetic
419002009,2026-08-31T18:38:47Z,72.745625,17.893266,11.3,76,76,SYNTH BG 9,container,180,synthetic
419002009,2026-08-31T18:43:47Z,72.761776,17.897035,11.4,76,76,SYNTH BG 9,container,180,synthetic
419002009,2026-08-31T18:48:47Z,72.777909,17.900776,11.2,76,76,SYNTH BG 9,container,180,synthetic
419002009,2026-08-31T18:53:47Z,72.794064,17.904550,11.5,76,76,SYNTH BG 9,container,180,synthetic
419002009,2026-08-31T18:58:47Z,72.810229,17.908315,11.5,76,76,SYNTH BG 9,container,180,synthetic
419002009,2026-08-31T19:03:47Z,72.826367,17.912052,11.3,76,76,SYNTH BG 9,container,180,synthetic
419002009,2026-08-31T19:08:47Z,72.842523,17.915828,11.4,76,76,SYNTH BG 9,container,180,synthetic
419002009,2026-08-31T19:13:47Z,72.858675,17.919584,11.4,76,76,SYNTH BG 9,container,180,synthetic
419002009,2026-08-31T19:18:47Z,72.874844,17.923350,11.5,76,76,SYNTH BG 9,container,180,synthetic
419002009,2026-08-31T19:23:47Z,72.890996,17.927107,11.4,76,76,SYNTH BG 9,container,180,synthetic
419002009,2026-08-31T19:28:47Z,72.907173,17.930871,11.6,76,76,SYNTH BG 9,container,180,synthetic
419002009,2026-08-31T19:33:47Z,72.923324,17.934654,11.3,76,76,SYNTH BG 9,container,180,synthetic
419002009,2026-08-31T19:38:47Z,72.939487,17.938401,11.4,76,76,SYNTH BG 9,container,180,synthetic
419002009,2026-08-31T19:43:47Z,72.955622,17.942167,11.4,76,76,SYNTH BG 9,container,180,synthetic
419002009,2026-08-31T19:48:47Z,72.971780,17.945934,11.3,76,76,SYNTH BG 9,container,180,synthetic
419002009,2026-08-31T19:53:47Z,72.987929,17.949690,11.6,76,76,SYNTH BG 9,container,180,synthetic
419002009,2026-08-31T19:58:47Z,73.004109,17.953432,11.6,76,76,SYNTH BG 9,container,180,synthetic
419002009,2026-08-31T20:03:47Z,73.020261,17.957221,11.2,76,76,SYNTH BG 9,container,180,synthetic
419002009,2026-08-31T20:08:47Z,73.036417,17.960962,11.1,76,76,SYNTH BG 9,container,180,synthetic
419002009,2026-08-31T20:13:47Z,73.052567,17.964737,11.3,76,76,SYNTH BG 9,container,180,synthetic
419002009,2026-08-31T20:18:47Z,73.068726,17.968495,11.6,76,76,SYNTH BG 9,container,180,synthetic
419002009,2026-08-31T20:23:47Z,73.084903,17.972239,11.4,76,76,SYNTH BG 9,container,180,synthetic
419002009,2026-08-31T20:28:47Z,73.101064,17.976001,11.3,76,76,SYNTH BG 9,container,180,synthetic
419002009,2026-08-31T20:33:47Z,73.117222,17.979785,11.2,76,76,SYNTH BG 9,container,180,synthetic
419002009,2026-08-31T20:38:47Z,73.133349,17.983515,11.2,76,76,SYNTH BG 9,container,180,synthetic
419002009,2026-08-31T20:43:47Z,73.149535,17.987297,11.4,76,76,SYNTH BG 9,container,180,synthetic
419002009,2026-08-31T20:48:47Z,73.165691,17.991053,11.2,76,76,SYNTH BG 9,container,180,synthetic
419002009,2026-08-31T20:53:47Z,73.181859,17.994806,12.0,76,76,SYNTH BG 9,container,180,synthetic
419002009,2026-08-31T20:58:47Z,73.198030,17.998565,11.2,76,76,SYNTH BG 9,container,180,synthetic
419002009,2026-08-31T21:03:47Z,73.214180,18.002317,11.3,76,76,SYNTH BG 9,container,180,synthetic
419002009,2026-08-31T21:08:47Z,73.230340,18.006104,11.3,76,76,SYNTH BG 9,container,180,synthetic
419002009,2026-08-31T21:13:47Z,73.246503,18.009842,11.2,76,76,SYNTH BG 9,container,180,synthetic
419002010,2026-08-31T15:16:48Z,71.882285,19.078528,4.7,197,197,SYNTH BG 10,fishing,180,synthetic
419002010,2026-08-31T15:21:48Z,71.880416,19.072547,4.7,197,197,SYNTH BG 10,fishing,180,synthetic
419002010,2026-08-31T15:26:48Z,71.878495,19.066545,4.4,197,197,SYNTH BG 10,fishing,180,synthetic
419002010,2026-08-31T15:31:48Z,71.876605,19.060556,4.5,197,197,SYNTH BG 10,fishing,180,synthetic
419002010,2026-08-31T15:36:48Z,71.874689,19.054562,4.6,197,197,SYNTH BG 10,fishing,180,synthetic
419002010,2026-08-31T15:41:48Z,71.872781,19.048578,4.6,197,197,SYNTH BG 10,fishing,180,synthetic
419002010,2026-08-31T15:46:48Z,71.870887,19.042579,4.7,197,197,SYNTH BG 10,fishing,180,synthetic
419002010,2026-08-31T15:51:48Z,71.868983,19.036574,4.3,197,197,SYNTH BG 10,fishing,180,synthetic
419002010,2026-08-31T15:56:48Z,71.867075,19.030550,4.8,197,197,SYNTH BG 10,fishing,180,synthetic
419002010,2026-08-31T16:01:48Z,71.865159,19.024583,4.3,197,197,SYNTH BG 10,fishing,180,synthetic
419002010,2026-08-31T16:06:48Z,71.863266,19.018578,4.6,197,197,SYNTH BG 10,fishing,180,synthetic
419002010,2026-08-31T16:11:48Z,71.861379,19.012602,4.6,197,197,SYNTH BG 10,fishing,180,synthetic
419002010,2026-08-31T16:16:48Z,71.859479,19.006582,4.7,197,197,SYNTH BG 10,fishing,180,synthetic
419002010,2026-08-31T16:21:48Z,71.857570,19.000587,4.5,197,197,SYNTH BG 10,fishing,180,synthetic
419002010,2026-08-31T16:26:48Z,71.855665,18.994598,4.6,197,197,SYNTH BG 10,fishing,180,synthetic
419002010,2026-08-31T16:31:48Z,71.853758,18.988592,4.7,197,197,SYNTH BG 10,fishing,180,synthetic
419002010,2026-08-31T16:36:48Z,71.851844,18.982597,4.8,197,197,SYNTH BG 10,fishing,180,synthetic
419002010,2026-08-31T16:41:48Z,71.849932,18.976601,4.7,197,197,SYNTH BG 10,fishing,180,synthetic
419002010,2026-08-31T16:46:48Z,71.848040,18.970637,4.0,197,197,SYNTH BG 10,fishing,180,synthetic
419002010,2026-08-31T16:51:48Z,71.846169,18.964631,4.7,197,197,SYNTH BG 10,fishing,180,synthetic
419002010,2026-08-31T16:56:48Z,71.844251,18.958623,4.3,197,197,SYNTH BG 10,fishing,180,synthetic
419002010,2026-08-31T17:01:48Z,71.842359,18.952612,4.5,197,197,SYNTH BG 10,fishing,180,synthetic
419002010,2026-08-31T17:06:48Z,71.840459,18.946616,4.4,197,197,SYNTH BG 10,fishing,180,synthetic
419002010,2026-08-31T17:11:48Z,71.838549,18.940618,4.7,197,197,SYNTH BG 10,fishing,180,synthetic
419002010,2026-08-31T17:16:48Z,71.836649,18.934620,4.5,197,197,SYNTH BG 10,fishing,180,synthetic
419002010,2026-08-31T17:21:48Z,71.834736,18.928632,4.5,197,197,SYNTH BG 10,fishing,180,synthetic
419002010,2026-08-31T17:26:48Z,71.832835,18.922653,4.4,197,197,SYNTH BG 10,fishing,180,synthetic
419002010,2026-08-31T17:31:48Z,71.830951,18.916646,4.7,197,197,SYNTH BG 10,fishing,180,synthetic
419002010,2026-08-31T17:36:48Z,71.829034,18.910646,4.3,197,197,SYNTH BG 10,fishing,180,synthetic
419002010,2026-08-31T17:41:48Z,71.827144,18.904664,4.9,197,197,SYNTH BG 10,fishing,180,synthetic
419002010,2026-08-31T17:46:48Z,71.825250,18.898661,4.5,197,197,SYNTH BG 10,fishing,180,synthetic
419002010,2026-08-31T17:51:48Z,71.823340,18.892662,4.8,197,197,SYNTH BG 10,fishing,180,synthetic
419002010,2026-08-31T17:56:48Z,71.821444,18.886658,4.4,197,197,SYNTH BG 10,fishing,180,synthetic
419002010,2026-08-31T18:01:48Z,71.819547,18.880673,4.5,197,197,SYNTH BG 10,fishing,180,synthetic
419002010,2026-08-31T18:06:48Z,71.817644,18.874670,4.5,197,197,SYNTH BG 10,fishing,180,synthetic
419002010,2026-08-31T18:11:48Z,71.815727,18.868659,4.7,197,197,SYNTH BG 10,fishing,180,synthetic
419002010,2026-08-31T18:16:48Z,71.813819,18.862676,4.4,197,197,SYNTH BG 10,fishing,180,synthetic
419002010,2026-08-31T18:21:48Z,71.811937,18.856685,4.5,197,197,SYNTH BG 10,fishing,180,synthetic
419002010,2026-08-31T18:26:48Z,71.810013,18.850689,4.2,197,197,SYNTH BG 10,fishing,180,synthetic
419002010,2026-08-31T18:31:48Z,71.808132,18.844697,4.5,197,197,SYNTH BG 10,fishing,180,synthetic
419002010,2026-08-31T18:36:48Z,71.806248,18.838703,4.6,197,197,SYNTH BG 10,fishing,180,synthetic
419002010,2026-08-31T18:41:48Z,71.804329,18.832700,4.7,197,197,SYNTH BG 10,fishing,180,synthetic
419002010,2026-08-31T18:46:48Z,71.802438,18.826693,4.7,197,197,SYNTH BG 10,fishing,180,synthetic
419002010,2026-08-31T18:51:48Z,71.800532,18.820719,4.6,197,197,SYNTH BG 10,fishing,180,synthetic
419002010,2026-08-31T18:56:48Z,71.798614,18.814702,4.9,197,197,SYNTH BG 10,fishing,180,synthetic
419002010,2026-08-31T19:01:48Z,71.796729,18.808703,4.6,197,197,SYNTH BG 10,fishing,180,synthetic
419002010,2026-08-31T19:06:48Z,71.794822,18.802703,4.1,197,197,SYNTH BG 10,fishing,180,synthetic
419002010,2026-08-31T19:11:48Z,71.792910,18.796728,4.5,197,197,SYNTH BG 10,fishing,180,synthetic
419002010,2026-08-31T19:16:48Z,71.791023,18.790732,4.6,197,197,SYNTH BG 10,fishing,180,synthetic
419002010,2026-08-31T19:21:48Z,71.789105,18.784730,4.3,197,197,SYNTH BG 10,fishing,180,synthetic
419002010,2026-08-31T19:26:48Z,71.787213,18.778731,4.5,197,197,SYNTH BG 10,fishing,180,synthetic
419002010,2026-08-31T19:31:48Z,71.785323,18.772726,4.4,197,197,SYNTH BG 10,fishing,180,synthetic
419002010,2026-08-31T19:36:48Z,71.783446,18.766734,4.2,197,197,SYNTH BG 10,fishing,180,synthetic
419002010,2026-08-31T19:41:48Z,71.781529,18.760755,4.6,197,197,SYNTH BG 10,fishing,180,synthetic
419002011,2026-08-31T13:06:40Z,71.610033,17.825002,10.9,257,257,SYNTH BG 11,tanker,180,synthetic
419002011,2026-08-31T13:11:40Z,71.594573,17.821491,11.1,257,257,SYNTH BG 11,tanker,180,synthetic
419002011,2026-08-31T13:16:40Z,71.579087,17.817968,11.1,257,257,SYNTH BG 11,tanker,180,synthetic
419002011,2026-08-31T13:21:40Z,71.563626,17.814474,10.9,257,257,SYNTH BG 11,tanker,180,synthetic
419002011,2026-08-31T13:26:40Z,71.548174,17.810966,11.2,257,257,SYNTH BG 11,tanker,180,synthetic
419002011,2026-08-31T13:31:40Z,71.532692,17.807473,11.4,257,257,SYNTH BG 11,tanker,180,synthetic
419002011,2026-08-31T13:36:40Z,71.517257,17.803958,11.1,257,257,SYNTH BG 11,tanker,180,synthetic
419002011,2026-08-31T13:41:40Z,71.501814,17.800440,10.9,257,257,SYNTH BG 11,tanker,180,synthetic
419002011,2026-08-31T13:46:40Z,71.486334,17.796951,10.9,257,257,SYNTH BG 11,tanker,180,synthetic
419002011,2026-08-31T13:51:40Z,71.470882,17.793435,10.9,257,257,SYNTH BG 11,tanker,180,synthetic
419002011,2026-08-31T13:56:40Z,71.455410,17.789926,10.9,257,257,SYNTH BG 11,tanker,180,synthetic
419002011,2026-08-31T14:01:40Z,71.439956,17.786414,11.2,257,257,SYNTH BG 11,tanker,180,synthetic
419002011,2026-08-31T14:06:40Z,71.424497,17.782906,11.1,257,257,SYNTH BG 11,tanker,180,synthetic
419002011,2026-08-31T14:11:40Z,71.409032,17.779418,10.9,257,257,SYNTH BG 11,tanker,180,synthetic
419002011,2026-08-31T14:16:40Z,71.393583,17.775909,10.8,257,257,SYNTH BG 11,tanker,180,synthetic
419002011,2026-08-31T14:21:40Z,71.378123,17.772421,10.5,257,257,SYNTH BG 11,tanker,180,synthetic
419002011,2026-08-31T14:26:40Z,71.362666,17.768898,10.7,257,257,SYNTH BG 11,tanker,180,synthetic
419002011,2026-08-31T14:31:40Z,71.347194,17.765409,10.8,257,257,SYNTH BG 11,tanker,180,synthetic
419002011,2026-08-31T14:36:40Z,71.331771,17.761887,10.9,257,257,SYNTH BG 11,tanker,180,synthetic
419002011,2026-08-31T14:41:40Z,71.316298,17.758381,11.2,257,257,SYNTH BG 11,tanker,180,synthetic
419002011,2026-08-31T14:46:40Z,71.300841,17.754870,10.9,257,257,SYNTH BG 11,tanker,180,synthetic
419002011,2026-08-31T14:51:40Z,71.285394,17.751370,10.7,257,257,SYNTH BG 11,tanker,180,synthetic
419002011,2026-08-31T14:56:40Z,71.269919,17.747859,10.8,257,257,SYNTH BG 11,tanker,180,synthetic
419002011,2026-08-31T15:01:40Z,71.254465,17.744340,10.9,257,257,SYNTH BG 11,tanker,180,synthetic
419002011,2026-08-31T15:06:40Z,71.239018,17.740853,10.9,257,257,SYNTH BG 11,tanker,180,synthetic
419002011,2026-08-31T15:11:40Z,71.223580,17.737336,11.6,257,257,SYNTH BG 11,tanker,180,synthetic
419002011,2026-08-31T15:16:40Z,71.208114,17.733835,10.8,257,257,SYNTH BG 11,tanker,180,synthetic
419002011,2026-08-31T15:21:40Z,71.192621,17.730322,11.0,257,257,SYNTH BG 11,tanker,180,synthetic
419002011,2026-08-31T15:26:40Z,71.177215,17.726804,11.3,257,257,SYNTH BG 11,tanker,180,synthetic
419002011,2026-08-31T15:31:40Z,71.161739,17.723318,10.4,257,257,SYNTH BG 11,tanker,180,synthetic
419002011,2026-08-31T15:36:40Z,71.146290,17.719801,11.1,257,257,SYNTH BG 11,tanker,180,synthetic
419002011,2026-08-31T15:41:40Z,71.130836,17.716287,11.1,257,257,SYNTH BG 11,tanker,180,synthetic
419002011,2026-08-31T15:46:40Z,71.115389,17.712798,11.1,257,257,SYNTH BG 11,tanker,180,synthetic
419002011,2026-08-31T15:51:40Z,71.099940,17.709285,10.6,257,257,SYNTH BG 11,tanker,180,synthetic
419002011,2026-08-31T15:56:40Z,71.084463,17.705793,11.1,257,257,SYNTH BG 11,tanker,180,synthetic
419002011,2026-08-31T16:01:40Z,71.069026,17.702268,10.9,257,257,SYNTH BG 11,tanker,180,synthetic
419002011,2026-08-31T16:06:40Z,71.053574,17.698763,10.8,257,257,SYNTH BG 11,tanker,180,synthetic
419002011,2026-08-31T16:11:40Z,71.038144,17.695262,10.8,257,257,SYNTH BG 11,tanker,180,synthetic
419002011,2026-08-31T16:16:40Z,71.022658,17.691746,11.1,257,257,SYNTH BG 11,tanker,180,synthetic
419002011,2026-08-31T16:21:40Z,71.007228,17.688245,10.9,257,257,SYNTH BG 11,tanker,180,synthetic
419002011,2026-08-31T16:26:40Z,70.991766,17.684730,11.2,257,257,SYNTH BG 11,tanker,180,synthetic
419002011,2026-08-31T16:31:40Z,70.976323,17.681259,10.8,257,257,SYNTH BG 11,tanker,180,synthetic
12,not-a-time,999,0,,,,BAD,,,synthetic
419009999,2026-08-31T19:00:00Z,0,0,,,,NULL ISLAND,,,synthetic
